any,codente,nom,costat,capitol,inicial
2017,07017AA000,Costitx,despesa,c3,3000.0
2017,07017AA000,Costitx,despesa,c9,13000.0
2017,07017AA000,Costitx,despesa,c1,324000.0
2017,07017AA000,Costitx,despesa,c2,393000.0
2017,07017AA000,Costitx,despesa,c6,112500.0
2017,07017AA000,Costitx,despesa,c4,14000.0
2017,07017AA000,Costitx,ingres,i1,378500.0
2017,07017AA000,Costitx,ingres,i2,25200.0
2017,07017AA000,Costitx,ingres,i3,60700.0
2017,07017AA000,Costitx,ingres,i4,363000.0
2017,07017AA000,Costitx,ingres,i5,17100.0
2017,07017AA000,Costitx,ingres,i7,15000.0
2018,07017AA000,Costitx,despesa,c3,2000.0
2018,07017AA000,Costitx,despesa,c9,13000.0
2018,07017AA000,Costitx,despesa,c1,326000.0
2018,07017AA000,Costitx,despesa,c2,398000.0
2018,07017AA000,Costitx,despesa,c6,127000.0
2018,07017AA000,Costitx,despesa,c4,14000.0
2018,07017AA000,Costitx,ingres,i1,378500.0
2018,07017AA000,Costitx,ingres,i2,25200.0
2018,07017AA000,Costitx,ingres,i3,60700.0
2018,07017AA000,Costitx,ingres,i4,383500.0
2018,07017AA000,Costitx,ingres,i5,17100.0
2018,07017AA000,Costitx,ingres,i7,15000.0
2019,07017AA000,Costitx,despesa,c3,1500.0
2019,07017AA000,Costitx,despesa,c9,6000.0
2019,07017AA000,Costitx,despesa,c1,340500.0
2019,07017AA000,Costitx,despesa,c2,412000.0
2019,07017AA000,Costitx,despesa,c4,20000.0
2019,07017AA000,Costitx,despesa,c6,125000.0
2019,07017AA000,Costitx,ingres,i1,400000.0
2019,07017AA000,Costitx,ingres,i2,30200.0
2019,07017AA000,Costitx,ingres,i3,64200.0
2019,07017AA000,Costitx,ingres,i4,383500.0
2019,07017AA000,Costitx,ingres,i5,12100.0
2019,07017AA000,Costitx,ingres,i7,15000.0
2019,07017AA000,Costitx,ingres,i8,0.0
2021,07017AA000,Costitx,despesa,c3,1000.0
2021,07017AA000,Costitx,despesa,c1,371300.0
2021,07017AA000,Costitx,despesa,c2,478840.78
2021,07017AA000,Costitx,despesa,c6,777958.91
2021,07017AA000,Costitx,despesa,c4,53116.03
2021,07017AA000,Costitx,ingres,i1,428000.0
2021,07017AA000,Costitx,ingres,i2,40200.0
2021,07017AA000,Costitx,ingres,i3,73000.0
2021,07017AA000,Costitx,ingres,i4,547344.02
2021,07017AA000,Costitx,ingres,i5,18100.0
2021,07017AA000,Costitx,ingres,i7,575571.7
2021,07017AA000,Costitx,ingres,i8,0.0
