any,codente,nom,costat,capitol,definitiu,executat
2021,07038AA000,Montuïri,despesa,c3,93610.99,89328.32
2021,07038AA000,Montuïri,despesa,c9,855871.19,761247.29
2021,07038AA000,Montuïri,despesa,c1,1100987.0,1003258.89
2021,07038AA000,Montuïri,despesa,c2,1111238.09,914976.5
2021,07038AA000,Montuïri,despesa,c6,1961421.45,476422.07
2021,07038AA000,Montuïri,despesa,c4,404785.97,389948.2
2021,07038AA000,Montuïri,despesa,c5,25245.7,0.0
2021,07038AA000,Montuïri,ingres,i1,1196900.0,1201895.26
2021,07038AA000,Montuïri,ingres,i2,282180.0,172829.32
2021,07038AA000,Montuïri,ingres,i3,414877.84,444715.71
2021,07038AA000,Montuïri,ingres,i4,985389.72,1139712.75
2021,07038AA000,Montuïri,ingres,i5,18100.0,18558.0
2021,07038AA000,Montuïri,ingres,i7,1643012.27,1638159.78
2021,07038AA000,Montuïri,ingres,i8,1025470.92,0.0
