any,expedient,objecte,procediment,estat,adjudicatari,nif_adjudicatari,import_adjudicat_amb_iva,pressupost_licitacio_amb_iva,enllac,lligam_comptes,verificat
2018,3-2018,Repavimentació de camí amb 10 cm de mescla bituminosa i reconstrucció del ferm,Obert,Adjudicat,Matias Arrom Bibiloni,B57465213,202564.53,293261.65,https://contrataciondelestado.es/wps/poc?uri=deeplink:detalle_licitacion&idEvl=em7kuT7zakYBPRBxZ4nJ%2Fg%3D%3D,Probable: pavimentació camí de na Pontons (1532.61901),no
2018,5-2018,"Obres i activitats al Parc Verd: adequació dels terrenys, tancament, bàscula i contenidors",Obert simplificat,Adjudicat,Gestions Obres i Serveis Son Janer SL,B57858136,70536.95,76896.21,https://contrataciondelestado.es/wps/poc?uri=deeplink:detalle_licitacion&idEvl=8XrjRMUcwNAuf4aBO%2BvQlQ%3D%3D,"Quadra al cèntim: partida 1621.63208, 70.536,95 € reconeguts el 2018",si
2018,8-2018,Aparcament municipal exterior al carrer Major 22-24-26,Obert,Adjudicat,Vitrac Obra Pública SL,B57207714,85675,110125.65,https://contrataciondelestado.es/wps/poc?uri=deeplink:detalle_licitacion&idEvl=lmXA9BgxsL%2Bmq21uxhbaVQ%3D%3D,Probable: construcció aparcaments nucli urbà (1522.63205),no
2018,6-2018,Reforma integral del pati del CEIP Llorenç Riber i dels banys de planta baixa,Obert,"En avaluació; adjudicació no publicada",,,,328680.19,https://contrataciondelestado.es/wps/poc?uri=deeplink:detalle_licitacion&idEvl=Brlpy7Vkpycuf4aBO%2BvQlQ%3D%3D,"Executat el 2019 sense adjudicació publicada: partida 323.63202, 256.947 € reconeguts",no
2018,7-2018,Reforma de l'edifici del carrer Major 26 per a la Policia Local,Obert,Desert,,,,86151.96,https://contrataciondelestado.es/wps/poc?uri=deeplink:detalle_licitacion&idEvl=%2FbNQIitoMqsuf4aBO%2BvQlQ%3D%3D,Es torna a licitar com a 7-a/2018,no
2018,7-a/2018,Reforma de l'edifici del carrer Major 26 per a la Policia Local (segona licitació),Obert,"En avaluació; adjudicació no publicada",,,,86151.96,https://contrataciondelestado.es/wps/poc?uri=deeplink:detalle_licitacion&idEvl=jIwcr9SeR7Uuf4aBO%2BvQlQ%3D%3D,Sense adjudicació publicada fins al 2020,no
2018,9-2018,"Gestió integral del centre de dia per a persones grans (15 places), contracte plurianual",Obert,"En avaluació; adjudicació no publicada",,,,747005.18,https://contrataciondelestado.es/wps/poc?uri=deeplink:detalle_licitacion&idEvl=aMKYoXIt%2BnF7h85%2Fpmmsfw%3D%3D,Partida 231.22722 (contracte gestió centre de dia): 147.631 € reconeguts el 2019,no
2019,1-2019,Renovació del primer tram de la canonada general des del dipòsit de sa Canova,Obert,"En avaluació; adjudicació no publicada",,,,166258.84,https://contrataciondelestado.es/wps/poc?uri=deeplink:detalle_licitacion&idEvl=Xt06KApzpRIBPRBxZ4nJ%2Fg%3D%3D,Probable: partida 161.63209 (subvenció CIM): 93.133 € reconeguts el 2019,no
2019,2-2019,Pavimentació i eliminació de barreres arquitectòniques,Obert,"En avaluació; adjudicació no publicada",,,,88898.24,https://contrataciondelestado.es/wps/poc?uri=deeplink:detalle_licitacion&idEvl=3ujrV3FFdyVvYnTkQN0%2FZA%3D%3D,"Probable: partida 1532.61901 (carrer Molins, CIM): 75.038 € reconeguts el 2019",no
2019,3-2019-VEHICLE,Adquisició d'una furgoneta elèctrica,Obert,"En avaluació; adjudicació no publicada",,,,32821.5,https://contrataciondelestado.es/wps/poc?uri=deeplink:detalle_licitacion&idEvl=%2Fl4BZ3216DmXQV0WE7lYPw%3D%3D,Probable: partida 153.63400: 32.650 € reconeguts el 2019,no
2020,01-2020,Renovació de diversos trams de la xarxa d'aigua potable,Obert,"Publicat; adjudicació no publicada",,,,75994.05,https://contrataciondelestado.es/wps/poc?uri=deeplink:detalle_licitacion&idEvl=0BvScm7Il9lvYnTkQN0%2FZA%3D%3D,"Pressupost = crèdit de la partida 161.63208 (75.994,05 €, CIM): 26.847 € reconeguts el 2020",no
2020,2/2020,Subministrament d'un camió per a la brigada municipal,Obert,"Publicat; adjudicació no publicada",,,,52477.7,https://contrataciondelestado.es/wps/poc?uri=deeplink:detalle_licitacion&idEvl=jFCcE%2FaFmAtvYnTkQN0%2FZA%3D%3D,"Pressupost = crèdit de la partida 1532.63400 (52.477,70 €, CIM), reconegut íntegrament el 2021",no
2020,3/2020,Serveis de l'escola de música municipal,Obert,"Publicat; adjudicació no publicada",,,,35090,https://contrataciondelestado.es/wps/poc?uri=deeplink:detalle_licitacion&idEvl=uFRHtpk1t54uf4aBO%2BvQlQ%3D%3D,"Probable: partida 3322.22799, 30.723 € reconeguts el 2020",no
2021,1/2021,Ampliació de la plaça Major,Obert,Adjudicat,Vip Property Integral Services SL,B57950735,83167.69,87113.95,https://contrataciondelestado.es/wps/poc?uri=deeplink:detalle_licitacion&idEvl=VzhGiPnAbUWiEJrVRqloyA%3D%3D,"Quadra al cèntim: 83.167,69 € al projecte amb finançament afectat «Ampliació Plaça Major» (comptes 2022)",si
2021,02/2021,Renovació de la gespa artificial dels camps de futbol 11 i futbol 7,Obert,Adjudicat,Fieldturf Poligras SA,A58653676,207402,213659.49,https://contrataciondelestado.es/wps/poc?uri=deeplink:detalle_licitacion&idEvl=LGDN3h%2Fz4YsSugstABGr5A%3D%3D,"Quadra al cèntim: 207.402 € al projecte «Renovació gespa camp de futbol» (comptes 2021); partida 342.63212",si
2021,03/2021,Vehicle turisme adaptat per a la Policia Local,Obert,"Publicat; adjudicació no publicada",,,,38600,https://contrataciondelestado.es/wps/poc?uri=deeplink:detalle_licitacion&idEvl=AkYFHhVrPIGmq21uxhbaVQ%3D%3D,Probable: partida 1532.63401 «Vehicle policia local»: 27.540 € reconeguts el 2021,no
2021,4/2021,Reforma d'un local comercial i canvi d'ús a oficina de turisme,Obert,"Publicat; adjudicació no publicada",,,,241660.9,https://contrataciondelestado.es/wps/poc?uri=deeplink:detalle_licitacion&idEvl=5V7oQKdRkA6iEJrVRqloyA%3D%3D,Pendent de creuar,no
2021,05/2021,Rehabilitació del camí del Sant Crist: ferm i nova capa de rodadura,Obert,"Publicat; adjudicació no publicada",,,,131059.93,https://contrataciondelestado.es/wps/poc?uri=deeplink:detalle_licitacion&idEvl=jhfQtJTxaqOiEJrVRqloyA%3D%3D,Pendent de creuar,no
