any,costat,capitol,import_eur
2016,despesa,c1,902761.95
2016,despesa,c2,825021.85
2016,despesa,c3,3842.16
2016,despesa,c4,269382.21
2016,despesa,c6,116083.56
2016,despesa,c9,92093.76
2017,despesa,c1,884460.08
2017,despesa,c2,868524.52
2017,despesa,c3,3400
2017,despesa,c4,297675.67
2017,despesa,c6,193085.46
2018,despesa,c1,918694.75
2018,despesa,c2,965221.95
2018,despesa,c3,3400
2018,despesa,c4,301492.39
2018,despesa,c6,588628.32
2019,despesa,c1,998268.95
2019,despesa,c2,937847.45
2019,despesa,c3,3400
2019,despesa,c4,271562.75
2019,despesa,c6,262071.39
2020,despesa,c1,1164812.71
2020,despesa,c2,1010873.63
2020,despesa,c3,3400
2020,despesa,c4,309791.53
2020,despesa,c6,298883.65
2021,despesa,c1,1235286.15
2021,despesa,c2,1083960.02
2021,despesa,c3,3400
2021,despesa,c4,334847.97
2021,despesa,c6,1237770.9
2022,despesa,c1,1293387.03
2022,despesa,c2,1062556.74
2022,despesa,c3,8542.82
2022,despesa,c4,340401.19
2022,despesa,c6,824705.44
2023,despesa,c1,1293387.03
2023,despesa,c2,1062556.74
2023,despesa,c3,8542.82
2023,despesa,c4,340401.19
2023,despesa,c6,824705.44
2023,despesa,prorrogat,true
2024,despesa,c1,1446505.92
2024,despesa,c2,1206062.34
2024,despesa,c3,8600
2024,despesa,c4,504741.14
2024,despesa,c6,37800
2016,ingres,i1,708234.26
2016,ingres,i2,31000
2016,ingres,i3,713799.18
2016,ingres,i4,737593.73
2016,ingres,i5,6200
2016,ingres,i7,12358.34
2017,ingres,i1,783208.91
2017,ingres,i2,80000
2017,ingres,i3,631299.17
2017,ingres,i4,734079.31
2017,ingres,i5,6200
2017,ingres,i7,12358.34
2018,ingres,i1,797325.67
2018,ingres,i2,120000
2018,ingres,i3,794730.78
2018,ingres,i4,760440.84
2018,ingres,i5,6200
2018,ingres,i7,298740.12
2019,ingres,i1,762325
2019,ingres,i2,200000
2019,ingres,i3,643500.01
2019,ingres,i4,816367.19
2019,ingres,i5,6200
2019,ingres,i7,44758.34
2020,ingres,i1,762445.92
2020,ingres,i2,79987.36
2020,ingres,i3,776646.57
2020,ingres,i4,887678.13
2020,ingres,i5,6200
2020,ingres,i7,274803.54
2021,ingres,i1,846649.21
2021,ingres,i2,86987.36
2021,ingres,i3,766922.61
2021,ingres,i4,1033691.22
2021,ingres,i5,6200
2021,ingres,i7,1154814.64
2022,ingres,i1,847724.21
2022,ingres,i2,92987.36
2022,ingres,i3,803458.45
2022,ingres,i4,1062474.4
2022,ingres,i5,6230
2022,ingres,i7,716718.8
2023,ingres,i1,847724.21
2023,ingres,i2,92987.36
2023,ingres,i3,803458.45
2023,ingres,i4,1062474.4
2023,ingres,i5,6230
2023,ingres,i7,716718.8
2024,ingres,i1,912826.88
2024,ingres,i2,94751.89
2024,ingres,i3,967511.93
2024,ingres,i4,1214704.54
2024,ingres,i5,6010
2024,ingres,i7,7904.16
