any,prog,nom,imp,fin
2017,1522,Inversió associada al funcionament operatiu dels serveis,104585.46,No especificat (aportació CIM prevista)
2017,920,Equips informàtics,25000,Recursos propis / no especificat
2017,1522,Rehabilitació sala de vetlles del cementiri,18000,Recursos propis / no especificat
2017,1522,Plaques fotovoltaiques (Sa Cova i CEIP Llorenç Riber),18000,Recursos propis / no especificat
2017,1532,Pavimentació carrers,15000,Recursos propis / no especificat
2017,1532,Mobiliari urbà,8000,Recursos propis / no especificat
2017,1522,Retirada parallamps de l'església,3000,Recursos propis / no especificat
2017,342,Remodelació vestidors poliesportiu,1000,Recursos propis / no especificat
2017,334,Adquisició de quadres,500,Recursos propis / no especificat
2019,1522,Obres aparcaments i altres,125839.39,Recursos propis / no especificat
2019,1522,Plaques fotovoltaiques escoleta,34000,CAIB (32.400 €)
2019,1532,Pavimentació carrers,25000,Recursos propis / no especificat
2019,334,Casa de Cultura: grades mòbils i condicionament,25000,Recursos propis / no especificat
2019,1532,Radars pedagògics,23232,Recursos propis / no especificat
2019,342,Reformes instal·lacions esportives,10000,Recursos propis / no especificat
2019,1532,Mobiliari urbà i senyalització,10000,Recursos propis / no especificat
2019,1522,Càmeres de vigilància interior,6000,Recursos propis / no especificat
2019,920,Equips informàtics,2000,Recursos propis / no especificat
2019,334,Adquisició de quadres,1000,Recursos propis / no especificat
2018,1532,Pavimentació camí de na Pontons,290695.91,Consorci Borsa d'Allotjaments Turístics (probable)
2018,1522,Construcció aparcaments nucli urbà,163432.41,Recursos propis / no especificat
2018,1522,"Instal·lació plaques fotovoltaiques (Can Gaieta, escoleta, CEIP)",42000,Recursos propis / no especificat
2018,342,Reformes instal·lacions esportives (torres d'enllumenat),25000,Recursos propis / no especificat
2018,334,Casa de Cultura: grades mòbils i condicionament,25000,Recursos propis / no especificat
2018,1532,Pavimentació carrers,25000,Recursos propis / no especificat
2018,1532,Mobiliari urbà i senyalització,15000,Recursos propis / no especificat
2018,920,Equips informàtics,2000,Recursos propis / no especificat
2018,334,Adquisició de quadres,500,Recursos propis / no especificat
2020,1532,Ampliació Plaça Major,87113.95,CIM
2020,161,Renovació trams xarxa d'aigua potable,75994.05,CIM
2020,1532,Camió brigada municipal,52477.7,CIM
2020,165,Substitució lluminàries enllumenat públic,15686.92,Recursos propis / no especificat
2020,161,Vàlvules reguladores de pressió xarxa d'aigua,14459.5,CIM
2020,1532,Pavimentació carrers,10000,Recursos propis / no especificat
2020,342,Reformes instal·lacions esportives,10000,Recursos propis / no especificat
2020,1532,Mobiliari urbà i senyalització,8000,Recursos propis / no especificat
2020,1532,Honoraris redacció i direcció obra Plaça Major,7651.53,Recursos propis / no especificat
2020,1532,Radars pedagògics,6000,Recursos propis / no especificat
2020,231,Equips informàtics serveis socials,5000,Recursos propis / no especificat
2020,1522,Càmeres de vigilància interior,4000,Recursos propis / no especificat
2020,920,Equips informàtics,2500,Recursos propis / no especificat
2021,161,Renovació xarxa aigua i sanejament Son Massanet,243000.22,CIM (fons Covid)
2021,1522,Oficina turística / reforma Plaça Major 23,241660.89,"CIM POS 2020-21 (169.162,62 €) + propis"
2021,342,Renovació gespa artificial futbol 11 i futbol 7,213659.49,CIM POS 2020-21
2021,342,2 pistes de pàdel i renovació pistes de tennis,142571.7,CIM esports
2021,161,Vàlvules de pressió i sectorització xarxa d'aigua,100021.77,CIM POS 2020-21
2021,164,Accessibilitat del cementiri,97132.99,CIM (fons Covid)
2021,1532,Rehabilitació camí del Sant Crist,50000,CAIB Serra de Tramuntana
2021,342,Renovació reg camp de futbol,48389.28,CIM esports
2021,165,"Eficiència enllumenat públic, quadre 02",34510.92,CIM PAESC
2021,165,"Eficiència enllumenat públic, quadre 01",22805.61,CIM PAESC
2021,1522,Restauració creu de Sant Miquel,16970.85,CAIB Serra de Tramuntana
2021,1532,Pavimentació carrers,6000,Recursos propis / no especificat
2021,1532,Obres aparcaments i altres,5000,Recursos propis / no especificat
2021,1532,Mobiliari urbà i senyalització,5000,Recursos propis / no especificat
2021,342,3 pistes de petanca,4547.18,CIM esports
2021,1522,Càmeres de vigilància interior,4000,Recursos propis / no especificat
2021,920,Equips informàtics,2500,Recursos propis / no especificat
2024,1532,Pavimentació carrers,10000,Recursos propis / no especificat
2024,334,Equipaments culturals,8000,"CIM (7.904,16 €)"
2024,1532,Obres aparcaments i altres,7000,Recursos propis / no especificat
2024,1532,Mobiliari urbà i senyalització,6000,Recursos propis / no especificat
2024,1522,Aire condicionat 3a Edat i Policia Local,3000,Recursos propis / no especificat
2024,920,Equips informàtics,2500,Recursos propis / no especificat
2024,1532,Adquisició immoble per aparcaments,100,Pendent de subvenció
2024,161,Nou pou de reserva a Sa Cova (projecte i honoraris),200,Pendent de subvenció
2024,161,Rehabilitació dipòsit Sa Murtera (projecte i honoraris),200,Pendent de subvenció
2024,161,Pla de sanejament i cicle de l'aigua (honoraris),100,Pendent de subvenció
2024,1621,Automatització del Punt Verd,100,Pendent de subvenció
2024,1621,Adquisició agranadora viària,100,Pendent de subvenció
2024,342,Grades camp de futbol (projecte i revisió),200,Pendent de subvenció
2024,1522,Aire condicionat i sistema elèctric Ajuntament,100,Pendent de subvenció
2024,161,Renovació comptadors electrònics d'aigua,100,Pendent de subvenció
2024,165,Millora il·luminació de carrers,100,Pendent de subvenció
