any,fons_liquids,pendent_cobrar,pendent_pagar,partides_pendents_aplicacio,total,saldos_dubtos_cobrament,exces_financament_afectat,despeses_generals
2016,826892.57,1572119.01,374678.49,0,2024333.09,583349.13,4456.09,1436527.87
2017,716381.57,1938082.42,382032.38,0,2272431.61,648664.64,4961.15,1618805.82
2018,1497352.05,1823368.25,781274.06,0,2539446.24,681046.9,17578.89,1840820.45
2019,635489.11,2186281.26,441682.66,0,2380087.71,776118.54,11617.44,1592351.73
2020,1192849.35,2351027.27,484723.54,-271689.84,2787463.24,963358.83,203548.4,1620556.01
2021,1549621.84,2651774.69,438558.05,-283585.14,3479253.34,1061273.22,901559.6,1516420.52
2022,700878.82,2900151.17,388099.79,-190764.85,3022165.35,729450.55,1239639.55,1053075.25
2023,637748.52,2057686.67,531005.23,189793.36,2354223.32,709734.21,911194.74,733294.37
2024,1676789.23,2845489.64,756278.84,-3.72,3765996.31,814607.98,1938908.97,1012479.36
