concepte,qui_ho_cobra,2017,2018,2019,2020,2021,2024
Gestió del centre de dia,Contractista (pendent),112680.88,112680.88,144702.81,148401,148401,148401
Recollida i eliminació de residus,Mancomunitat des Raiguer,135334.88,127563.69,97634.05,92335.44,90230.59,214508.6
Tots els serveis de la Mancomunitat,Mancomunitat des Raiguer,231440.55,231147.08,201217.44,221946.22,240202.84,435397.35
Energia elèctrica (enllumenat),Comercialitzadora (pendent),115000,110000,105000,105000,105000,112421.97
Festes populars,Diversos proveïdors,60000,70000,70000,55000,55000,77177.29
Personal escola de música,Contractista (pendent),29000,29000,29000,29000,40000,40000
Escola d'estiu,Contractista (pendent),,,,3000,,45200
Recaptació de tributs,ATIB,,,,,,50000
Ordenació i digitalització de l'arxiu,Contractista (pendent),18000,18000,20000,2000,30230,30230
Assegurances,Asseguradora (pendent),25000,28000,28000,30000,30000,35400
"Programari de gestió (ABSIS, Gestiona)",Proveïdors de programari,4600,4600,10360,18602.02,19270.86,31045.11
