any,codente,nom,fons_liquids,pendent_cobrar,pendent_pagar,partides_pendents_aplicacio,total,saldos_dubtos_cobrament,exces_financament_afectat,despeses_generals
2016,07004AA000,Algaida,1210471.01,1088748.28,581494.95,-6578.45,1711145.89,810802.18,,900343.71
2016,07006AA000,Artà,4390148.74,4711888.56,1072516.89,105368.98,8134889.39,1401606.71,190865.00,6542417.68
2016,07009AA000,Búger,297797.50,1126460.76,32839.08,6033.53,1397452.71,85639.37,531534.64,780278.70
2016,07010AA000,Bunyola,606480.73,6034613.93,2243022.96,-264624.08,4133447.62,1276834.00,,2856613.62
2016,07012AA000,Campanet,826892.57,1572119.01,374678.49,,2024333.09,583349.13,4456.09,1436527.87
2016,07014AA000,Capdepera,1849519.27,8426316.88,693377.66,27019.33,9609477.82,4725181.11,,4884296.71
2016,07016AA000,Consell,580090.84,1029710.56,206277.79,,1403523.61,232779.16,55291.05,1115453.40
2016,07019AA000,Escorca,41164.85,256422.98,12251.79,121919.00,407255.04,,,407255.04
2016,07020AV001,"P. M. Cultura, Deporte y Tiempo libre",24671.85,,5923.00,,18748.85,,,18748.85
2016,07020AV002,P. d'Escoles Municipals,8970.24,28305.30,25046.12,8.99,12238.41,,,12238.41
2016,07026AA000,Eivissa,23331171.88,18234997.90,5420942.12,189722.25,36334949.91,7907928.11,5273070.95,23153950.85
2016,07026AV002,P. M. Música,39337.72,146184.35,25118.70,,160403.37,,,160403.37
2016,07028AA000,Lloret de Vistalegre,683570.44,153151.28,79348.47,,757373.25,,,757373.25
2016,07029AA000,Lloseta,375881.49,1813943.91,314986.44,,1874838.96,421664.46,2578.00,1450596.50
2016,07030AA000,Llubí,214174.24,1126840.89,484088.63,-8473.53,848452.97,198900.87,,649552.10
2016,07031AA000,Llucmajor,13064103.86,20449027.83,4490554.26,-23935.26,28998642.17,7188429.35,1314209.20,20496003.62
2016,07031AV001,P. Res. Personas Mayores,128816.05,65673.83,44864.81,224.76,149849.83,26298.61,,123551.22
2016,07032AA000,Maó,6243361.93,15437687.47,4097339.27,-594698.81,16989011.32,7727393.31,1128333.00,8133285.01
2016,07035AA000,Maria de la Salut,433261.55,1060466.28,118935.48,638.98,1375431.33,138450.43,529184.88,707796.02
2016,07036AO001,Institut Municipal Comunicació,57715.62,11610.62,1549.32,-527.22,67249.70,9098.47,,58151.23
2016,07046AA000,Sant Antoni de Portmany,11425122.18,12694193.57,3865764.58,-41312.52,20212238.65,6345337.24,1458702.13,12408199.28
2016,07048AA000,Sant Josep de sa Talaia,26567444.65,28403544.91,4449629.18,-1927982.08,48593378.30,10831190.83,3356422.29,34405765.18
2016,07050AA000,Sant Joan de Labritja,5830153.70,4067866.23,2031069.39,-42002.76,7824947.78,1696172.82,,6128774.96
2016,07055AA000,Santa Margalida,10132928.20,5530300.83,1156848.66,-156077.14,14350303.23,4887292.33,209243.88,9253767.02
2016,07058AA000,Selva,3293674.27,1456452.31,301623.72,-6238.23,4442264.63,268652.06,,4173612.57
2016,07061AA000,Sóller,9619673.02,5718530.49,1383454.13,-1153.18,13953596.20,1729063.32,1333845.28,10890687.60
2016,07063AA000,Valldemossa,2320362.60,1659759.11,260660.31,193088.52,3912549.92,400348.03,17196.82,3495005.07
2016,07064AA000,Castell (Es),4054486.49,1929856.51,770996.03,-393707.02,4819639.95,1133320.16,,3686319.79
2016,07005AA000,Andratx,26444489.45,25467840.52,3136712.61,-10850765.31,37924852.05,8100080.52,9142887.28,20681884.25
2016,07040AA000,Palma,27130665.28,153059814.30,96427956.68,-8027031.24,75735491.66,42010942.75,11855848.24,21868700.67
2016,07040AV001,Inst. M. l'Esport,652954.04,3975697.12,2221212.16,,2407439.00,147485.15,2223303.19,36650.66
2016,07040AV002,P. M. d'Escoles d'Infants,212051.07,890059.73,1069702.12,,32408.68,,,32408.68
2016,07040AV004,P. M. l'Habitatge,258278.66,883529.74,518424.52,,623383.88,46847.40,545462.78,31073.70
2016,07040AV006,Instituto Municipal Innovación  (IMI),108313.13,5915614.46,1071912.98,,4952014.61,1894.19,4879370.96,70749.46
2016,07040AV009,Inst. M. Form. Ocupacional i Feina,479345.46,1617436.91,470282.87,,1626499.50,142283.04,1388748.53,95467.93
2016,07040AV013,Inst. Coordinaciò d'Obres Viaries,569702.31,12000.00,579692.36,,2009.95,,,2009.95
2016,07062AA000,Son Servera,3165066.43,5466839.51,791328.82,166363.02,8006940.14,1886154.51,501616.14,5619169.49
2016,07003AA000,Alcúdia,53887200.94,11417655.29,3417844.06,,61887012.17,5715714.86,81613.35,56089683.96
2016,07003AV001,P. M. D'Esports,36549.18,91467.36,87580.38,,40436.16,,,40436.16
2016,07003AV003,Emisora Alcúdia Radio,21176.63,36543.99,8507.59,,49213.03,,,49213.03
2016,07039AA000,Muro,1745461.32,2631866.30,396421.77,-560459.53,3420446.32,452198.08,,2968248.24
2016,07049AA000,Sant Joan,569485.84,2416686.07,691758.09,-658677.87,1635735.95,708432.92,187716.66,739586.37
2016,07059AA000,Salines (Ses),4647587.27,2882374.69,1239236.72,-370642.09,5920083.15,1102997.73,1347812.41,3469273.01
2016,07011AO001,"Inst. M. de Educación y Bibliotecas, IMEB -Calvià",1421828.18,502094.19,540464.98,4431.31,1387888.70,63230.86,4201.26,1320456.58
2016,07011AA000,Calvià,57443754.40,38423786.52,14966678.80,-3066821.52,77834040.60,34370344.58,8072738.56,35390957.46
2016,07033AA000,Manacor,26884817.59,20433569.92,4585761.56,87060.24,42819686.19,10668778.95,2413433.16,29737474.08
2016,07033AO001,Institut Públic del Teatre Municipal,196455.88,378637.07,176762.81,,398330.14,50602.60,111294.35,236433.19
2016,07033AV003,P. M. d'Esports,497621.44,796561.56,214475.10,,1079707.90,345418.97,,734288.93
2016,07033AO002,Institució Pública Antoni M. Alcover,43709.65,386000.00,14499.80,,415209.85,253250.00,,161959.85
2016,07044AA000,Pobla (Sa),1217927.47,3964580.92,2095092.66,97875.87,3185291.60,1342103.64,,1843187.96
2016,07047AA000,Sencelles,236900.24,1612373.23,107083.42,8186.22,1750376.27,214235.30,17201.75,1518939.22
2016,07008AA000,Binissalem,405621.67,2926872.19,770438.82,-307504.49,2254550.55,716364.76,656.34,1537529.45
2016,07017AA000,Costitx,559725.96,317081.24,56343.47,,820463.73,72940.68,,747523.05
2016,07027AA000,Inca,14296661.42,12066680.89,4615727.98,,21747614.33,3806936.63,924114.22,17016563.48
2016,07027AV001,Llar d'infants d'Inca,46632.52,177661.20,32307.30,,191986.42,7490.38,,184496.04
2016,07027AV002,Res. Ancianos M. Mir,14848.92,227838.36,112972.32,,129714.96,,,129714.96
2016,07027AV003,Inst. M. d'Activitat Física Inca,281031.05,1227.75,73468.73,,208790.07,,,208790.07
2016,07027AV005,Música Antoni Torrandell,109451.87,224672.12,22090.42,,312033.57,3871.23,,308162.34
2016,07007AA000,Banyalbufar,156730.04,2373103.48,456272.92,142270.64,2215831.24,806612.96,17593.59,1391624.69
2016,07022AA000,Felanitx,2588197.66,5424091.64,1649809.65,,6362479.65,1258444.34,184318.27,4919717.04
2016,07024AA000,Formentera,4621914.45,11835254.54,4536068.20,159789.75,12080890.54,2084982.30,,9995908.24
2016,07024AV001,P. M. Turismo,6234.41,140488.28,90882.14,500.00,56340.55,50488.28,,5852.27
2016,07038AA000,Montuïri,324809.86,2457173.75,1853505.98,2134645.62,3063123.25,922342.93,,2140780.32
2016,07053AA000,Santa Eugènia,325155.36,1392597.67,83419.18,38596.25,1672930.10,211331.82,606902.42,854695.86
2016,07065AA000,Vilafranc de Bonany,461653.86,726908.38,226087.86,-15021.34,947453.04,103590.46,30949.25,812913.33
2016,07001AA000,Alaró,994971.52,1555465.31,487927.90,-2138.28,2060370.65,491136.12,280191.32,1289043.21
2016,07015AA000,Ciutadella de Menorca,7244121.79,19139997.25,6567221.63,635305.15,20452202.56,10354355.35,4698745.36,5399101.85
2016,07042AO002,Institut Municipal Radio Pollença,20974.48,5542.13,10079.64,,16436.97,4018.05,,12418.92
2016,07043AA000,Porreres,452630.66,928972.85,256678.51,,1124925.00,257922.13,191571.51,675431.36
2016,07051AA000,Sant Llorenç des Cardassar,7528725.11,12972621.50,3924427.00,-10130400.00,6446519.61,481927.23,,5964592.38
2016,07052AA000,Sant Lluís,7710898.78,3306290.96,1864645.30,-315710.55,8836833.89,1562475.82,752747.66,6521610.41
2016,07056AV001,P. Res. Pers. Majors. Cas Metge Rei,60521.47,202418.37,50916.67,1331.54,213354.71,9847.02,,203507.69
2016,07001DD000,Consejo Insular de Ibiza,47040036.24,15046768.32,8537356.17,-176609.72,53372838.67,10108676.28,4606257.38,38657905.01
2016,07001DV003,P. Esc. Turismo,673885.30,91659.11,50601.91,,714942.50,,,714942.50
2016,07002DV001,Inst. l'Esport Hipic,380929.10,1614577.21,421047.38,6905.67,1581364.60,268420.41,,1312944.19
2016,07002DO001,Agència  Protecció Legalitat Urbanística i Territorial de Mallorca,211794.64,11727947.59,306152.17,,11633590.06,9507873.13,,2125716.93
2016,07002DV003,Inst.  Mallorquí d'Afers Socials,8632884.67,30690292.58,23688761.69,21344.07,15655759.63,1297569.71,6128642.50,8229547.42
2016,07003DD000,Consejo Insular de Menorca,33668789.70,11967116.69,11743840.35,-442726.16,33449339.88,,25000000.00,8449339.88
2016,07003DV001,Inst. Menorquín de Estudios,6585.83,97003.45,78080.59,-63.45,25445.24,,,25445.24
2016,07003DV002,Consell Economic i Social,2.36,,,,2.36,,,2.36
2016,07010AE001,Palmanyola,60861.56,46991.84,145767.01,91685.05,53771.44,,,53771.44
2016,07002MM000,Mc. Pla de Mallorca,2663170.74,3257045.88,677970.32,-16022.98,5226223.32,792596.92,,4433626.40
2016,07001MM000,Mc. Es Raiguer,324570.27,846924.93,532355.73,135465.83,774605.30,286487.97,131397.84,356719.49
2016,07003MM000,Mc. Migjorn de Mallorca,2820584.68,317910.55,81169.71,988.00,3058313.52,,,3058313.52
2016,07020AA000,Esporles,1111437.13,3307942.87,471498.44,-2502880.71,1445000.85,320038.61,15800.00,1109162.24
2016,07026AV001,P. M. Deportes,20951.57,617685.48,43989.05,,594648.00,,,594648.00
2016,07031AV002,P. Molí d'En Gaspar,11298.76,39100.00,9500.00,146.36,41045.12,,,41045.12
2016,07036AA000,Marratxí,23134416.91,10944513.28,3195839.91,-29508.63,30853581.65,3032897.34,9220052.61,18600631.70
2016,07037AA000,Mercadal (Es),3351374.49,4511777.06,1322374.60,-67548.37,6473228.58,1668306.68,338850.42,4466071.48
2016,07002AA000,Alaior,4555157.48,5322364.23,927061.67,143567.86,9094027.90,2935468.54,551947.83,5606611.53
2016,07033AV002,P. l'Escola M. de Mallorqui,57103.82,262812.70,12830.46,,307086.06,133614.24,,173471.82
2016,07901AA000,Ariany,615266.33,144606.56,20040.34,,739832.55,11259.93,,728572.62
2016,07008AV001,P. M. d'Esports,,1.00,1.00,,,,,
2016,07015AV002,Hospital Municipal,109002.82,1269259.88,137256.39,-30.00,1240976.31,31178.40,,1209797.91
2016,07015AV003,P. Esc. Infantiles,86341.81,488834.44,379076.50,,196099.75,12836.51,,183263.24
2016,07023AA000,Ferreries,2927339.07,2045645.90,1296468.54,-6760.57,3669755.86,1084019.73,83546.62,2502189.51
2016,07042AA000,Pollença,19121776.78,8562821.79,3988116.22,1335441.90,25031924.25,4669621.42,,20362302.83
2016,07054AA000,Santa Eulalia del Río,29509646.86,10102719.56,8400302.90,-2491585.92,28720477.60,1743036.47,1859639.67,25117801.46
2016,07056AA000,Santa María del Camí,4219365.62,2972785.19,863464.53,-1659.06,6327027.22,1026443.38,468153.71,4832430.13
2016,07057AA000,Santanyí,9676537.89,8568285.56,1341832.04,-36.76,16902954.65,3651716.18,,13251238.47
2016,07002DD000,Consejo Insular de Mallorca,162214993.01,142779278.32,68822203.76,32765.33,236204832.90,25159627.17,132360493.05,78684712.68
2016,07013AA000,Campos,7366948.70,4078781.17,1613282.29,-10000.00,9822447.58,639966.74,502782.59,8679698.25
2016,07026AV003,Museo de Arte Contemporáneo,4508.42,197463.69,13883.77,,188088.34,,,188088.34
2016,07040AV007,P. Mpal. de Reallotjament i Reinserció Social,11046.23,140359.00,24763.87,,126641.36,,117675.04,8966.32
2016,07003AV002,F. Esc. M. Música,9590.55,34121.01,43711.56,,,,,
2016,07022AV001,Ctro. Cultural,27280.79,115300.00,5091.50,,137489.29,,,137489.29
2016,07042AO003,Residencia Social,46957.35,373944.10,53961.34,223.50,367163.61,198.02,,366965.59
2016,07018AA000,Deyá,1882477.00,1493045.90,353697.40,,3021825.50,194380.33,525550.27,2301894.90
2017,07004AA000,Algaida,1412785.31,1554983.47,535922.71,9011.50,2440857.57,935079.29,25824.89,1479953.39
2017,07006AA000,Artà,5866813.56,5085393.44,1358376.93,-51644.71,9542185.36,1653010.82,40121.00,7849053.54
2017,07008AA000,Binissalem,184704.63,3533668.40,913920.67,-212240.74,2592211.62,590378.38,69629.82,1932203.42
2017,07009AA000,Búger,248147.54,1214451.95,261877.00,5631.00,1206353.49,142183.07,249557.52,814612.90
2017,07010AA000,Bunyola,890923.51,6117467.47,1461650.19,-521057.91,5025682.88,2262246.60,,2763436.28
2017,07012AA000,Campanet,716381.57,1938082.42,382032.38,,2272431.61,648664.64,4961.15,1618805.82
2017,07013AA000,Campos,9544807.23,4433698.72,1277492.96,-366147.26,12334865.73,798796.90,843106.12,10692962.71
2017,07014AA000,Capdepera,5653751.15,7904402.40,3613145.53,27183.83,9972191.85,4399160.48,,5573031.37
2017,07016AA000,Consell,1167021.60,1080880.80,106990.31,-52697.16,2088214.93,255800.11,116149.01,1716265.81
2017,07018AA000,Deyá,1650051.60,1368444.58,450345.40,-49686.76,2518464.02,231505.97,16678.76,2270279.29
2017,07026AA000,Eivissa,20462858.54,16306346.09,5461901.23,181658.90,31488962.30,7973091.98,6554232.27,16961638.05
2017,07026AV001,P. M. Deportes,69715.95,602221.14,64138.52,,607798.57,,,607798.57
2017,07026AV002,P. M. Música,38273.65,167804.91,35737.11,,170341.45,,,170341.45
2017,07027AA000,Inca,11337690.00,13146352.03,3523178.12,,20960863.91,3915364.28,71282.82,16974216.81
2017,07027AV001,Llar d'infants d'Inca,100974.19,106608.26,13459.30,,194123.15,1509.33,,192613.82
2017,07028AA000,Lloret de Vistalegre,343464.66,515576.09,77188.78,,781851.97,,27074.51,754777.46
2017,07031AA000,Llucmajor,19793261.12,18334671.11,3864917.56,-951728.03,33311286.64,10157347.21,1839610.16,21314329.27
2017,07031AV002,P. Molí d'En Gaspar,,-1,1,,-2,,,-2
2017,07036AA000,Marratxí,29316774.56,10162580.08,4155699.98,-80319.90,35243334.76,3121548.25,8869415.91,23252370.60
2017,07037AA000,Mercadal (Es),3779806.72,5010234.30,1491802.06,-65880.83,7232358.13,1932216.19,564742.62,4735399.32
2017,07050AA000,Sant Joan de Labritja,9386410.30,4827307.49,2235532.50,-35615.98,11942569.31,1680036.17,,10262533.14
2017,07055AA000,Santa Margalida,12123898.00,5243724.82,1486161.68,-186639.11,15694822.03,3685600.34,283953.14,11725268.55
2017,07058AA000,Selva,4040265.05,1803199.62,325544.39,-99485.70,5418434.58,276119.31,,5142315.27
2017,07061AA000,Sóller,9117254.41,6390365.85,2077418.61,-28141.09,13402060.56,2238981.64,1030476.31,10132602.61
2017,07063AA000,Valldemossa,992564.30,4310498.73,2902136.81,144560.85,2545487.07,502500.38,33867.62,2009119.07
2017,07005AA000,Andratx,31981878.59,25254759.81,3394884.90,-11532360.17,42309393.33,7278854.12,5519366.98,29511172.23
2017,07040AA000,Palma,43881079.00,153093785.01,71638723.24,-15705248.54,109630892.23,51504481.79,15263751.13,42862659.31
2017,07040AV002,P. M. d'Escoles d'Infants,169850.08,337861.11,465526.18,,42185.01,,,42185.01
2017,07040AV006,Instituto Municipal Innovación  (IMI),99334.12,4435871.59,4438732.36,,96473.35,52525.59,,43947.76
2017,07040AV007,P. Mpal. de Reallotjament i Reinserció Social,141922.67,52.91,4394.75,,137580.83,,117675.04,19905.79
2017,07040AV009,Inst. M. Form. Ocupacional i Feina,253517.24,699475.33,456745.92,-3.19,496243.46,21717.89,451925.00,22600.57
2017,07062AA000,Son Servera,1171363.13,5597787.75,1246655.14,-9776.27,5512719.47,1790274.96,795872.91,2926571.60
2017,07003AA000,Alcúdia,63894112.63,11693363.22,3091706.58,-345437.50,72150331.77,5508000.00,31241.17,66611090.60
2017,07003AV001,P. M. D'Esports,3696.51,95430.03,58690.38,,40436.16,,,40436.16
2017,07003AV002,F. Esc. M. Música,792.61,4046.01,4838.62,,,,,
2017,07039AA000,Muro,4059179.58,2866337.68,1294204.22,-672740.16,4958572.88,1036569.48,,3922003.40
2017,07011AO001,"Inst. M. de Educación y Bibliotecas, IMEB -Calvià",1290802.55,723865.86,566931.07,2049.44,1449786.78,63230.86,,1386555.92
2017,07002AA000,Alaior,4727073.51,5634879.30,922972.91,141721.68,9580701.58,3042602.35,637947.40,5900151.83
2017,07011AA000,Calvià,72468248.65,42353573.44,17774148.66,-2575015.81,94472657.62,34370344.58,10607883.11,49494429.93
2017,07033AA000,Manacor,36469623.66,19284736.14,4550025.55,-116759.90,51087574.35,10859058.50,1990551.00,38237964.85
2017,07033AO001,Institut Públic del Teatre Municipal,238142.27,457959.96,64790.34,,631311.89,72450.58,111294.35,447566.96
2017,07033AV002,P. l'Escola M. de Mallorqui,24147.31,327512.99,10903.46,,340756.84,187815.46,,152941.38
2017,07033AO002,Institució Pública Antoni M. Alcover,23692.97,400000.00,6644.89,,417048.08,301000.00,,116048.08
2017,07044AA000,Pobla (Sa),2017941.05,3949847.82,2315585.44,-186126.30,3466077.13,1579614.42,361363.90,1525098.81
2017,07047AA000,Sencelles,621702.78,1509527.81,86749.58,-29176.87,2015304.14,318026.37,11990.50,1685287.27
2017,07901AA000,Ariany,377251.94,610535.39,39071.42,-4179.94,944535.97,18269.55,10459.71,915806.71
2017,07007AA000,Banyalbufar,57009.04,2765259.93,567684.85,87158.30,2341742.42,823947.54,17593.59,1500201.29
2017,07022AA000,Felanitx,3342084.25,4389803.51,751569.50,,6980318.26,1245992.08,67293.87,5667032.31
2017,07038AA000,Montuïri,752859.17,2724956.72,1866742.15,2108893.76,3719967.50,976312.73,,2743654.77
2017,07053AA000,Santa Eugènia,378713.11,1153582.21,424046.50,21790.17,1130038.99,333803.94,157518.67,638716.38
2017,07065AA000,Vilafranc de Bonany,388263.06,1195210.99,202686.00,-30854.20,1349933.85,272491.05,1768.06,1075674.74
2017,07015AA000,Ciutadella de Menorca,13137724.82,20959958.67,8402344.02,218500.14,25913839.61,10873382.29,3825270.20,11215187.12
2017,07015AV002,Hospital Municipal,143837.93,1451467.84,208346.62,68.40,1387027.55,122068.88,1794.12,1263164.55
2017,07023AA000,Ferreries,2486185.75,2434037.70,1305100.00,-44038.33,3571085.12,1210958.15,67890.14,2292236.83
2017,07042AO003,Residencia Social,55768.50,492970.24,35841.58,,512897.16,257.82,16303.21,496336.13
2017,07052AA000,Sant Lluís,8261044.36,3359981.64,1830511.57,-314344.15,9476170.28,1584666.96,1287598.41,6603904.91
2017,07054AA000,Santa Eulalia del Río,31948999.57,11007417.93,8662855.18,-2713484.79,31580077.53,1398196.99,2379439.62,27802440.92
2017,07056AA000,Santa María del Camí,3726123.31,3543710.05,1172654.83,-39635.90,6057542.63,1037529.84,612261.73,4407751.06
2017,07056AV001,P. Res. Pers. Majors. Cas Metge Rei,38842.94,217458.94,28615.90,1331.54,229017.52,8913.41,,220104.11
2017,07057AA000,Santanyí,6321629.64,8116798.41,1672426.11,,12766001.94,4212629.61,,8553372.33
2017,07902AA000,Migjorn Gran (Es),2768592.57,982161.37,466447.91,-53236.16,3231069.87,478902.00,641477.67,2110690.20
2017,07001DD000,Consejo Insular de Ibiza,56554967.70,16185585.31,14148786.21,-314811.95,58276954.85,9410280.43,3613097.70,45253576.72
2017,07002DD000,Consejo Insular de Mallorca,104480231.13,158763205.19,78411336.93,78264.90,184910364.29,37678625.77,124537307.51,22694431.01
2017,07002DV001,Inst. l'Esport Hipic,841860.15,483136.51,296513.73,6798.61,1035281.54,207319.83,8580.63,819381.08
2017,07002DV003,Inst.  Mallorquí d'Afers Socials,13336388.30,31759966.82,18673865.26,12809.54,26435299.40,1288089.27,14152940.91,10994269.22
2017,07003DD000,Consejo Insular de Menorca,38453371.17,10668727.21,11851420.67,-383352.50,36887325.21,,18000000.00,18887325.21
2017,07002DO001,Agència  Protecció Legalitat Urbanística i Territorial de Mallorca,1749252.58,13957357.85,1836036.92,258.47,13870831.98,12856472.21,,1014359.77
2017,07010AE001,Palmanyola,51778.92,534903.33,607890.33,91685.05,70476.97,3906.14,,66570.83
2017,07002MM000,Mc. Pla de Mallorca,2438448.33,3737709.71,792132.23,-16022.98,5368002.83,968921.60,,4399081.23
2017,07003MM000,Mc. Migjorn de Mallorca,3356721.14,162659.69,113432.94,988.00,3406935.89,,,3406935.89
2017,07027AV002,Res. Ancianos M. Mir,67629.92,205808.49,206067.20,,67371.21,,,67371.21
2017,07027AV003,Inst. M. d'Activitat Física Inca,79793.87,2177.15,13278.56,,68692.46,,,68692.46
2017,07027AV005,Música Antoni Torrandell,89135.47,247676.03,24777.93,,312033.57,8592.75,,303440.82
2017,07029AA000,Lloseta,568495.90,1879824.97,244971.92,43753.57,2247102.52,493213.26,27759.34,1726129.92
2017,07031AV001,P. Res. Personas Mayores,161568.39,47056.61,26362.72,224.76,182487.04,26703.22,,155783.82
2017,07032AA000,Maó,7819389.22,13601530.33,5332123.20,-1136817.85,14951978.50,7328569.33,,7623409.17
2017,07035AA000,Maria de la Salut,470153.79,1141979.74,465742.35,,1146391.18,238242.32,209637.58,698511.28
2017,07048AA000,Sant Josep de sa Talaia,38207012.53,27124293.59,5755380.81,-1826265.86,57749659.45,11504733.25,2969514.37,43275411.83
2017,07064AA000,Castell (Es),5038240.81,1992262.29,1089344.62,-409540.32,5531618.16,903802.83,,4627815.33
2017,07036AO001,Institut Municipal Comunicació,63708.37,11610.62,,-527.22,74791.77,9672.84,,65118.93
2017,07014AO001,F. Castell de Capdepera,246388.52,45181.46,40631.72,,250938.26,,,250938.26
2017,07040AV001,Inst. M. l'Esport,1187253.27,2139576.13,1738182.73,,1588646.67,75925.82,1452570.89,60149.96
2017,07040AV004,P. M. l'Habitatge,190428.41,567843.61,229593.71,,528678.31,,410366.82,118311.49
2017,07040AV013,Inst. Coordinaciò d'Obres Viaries,894350.03,,880404.56,,13945.47,,,13945.47
2017,07003AV003,Emisora Alcúdia Radio,18955.58,39199.57,8942.12,,49213.03,,,49213.03
2017,07059AA000,Salines (Ses),4901806.76,3823454.95,1283806.16,-473253.38,6968202.17,329950.99,1064120.94,5574130.24
2017,07033AV003,P. M. d'Esports,182379.28,1301688.50,100492.50,,1383575.28,471700.71,97659.79,814214.78
2017,07001AA000,Alaró,1312596.34,1934232.60,528802.50,-14301.39,2703725.05,521647.78,272465.54,1909611.73
2017,07042AO002,Institut Municipal Radio Pollença,12192.19,40918.51,11798.63,,41312.07,391.33,,40920.74
2017,07043AA000,Porreres,810190.46,876492.45,488618.72,-37655.27,1160408.92,272814.26,205558.62,682036.04
2017,07051AA000,Sant Llorenç des Cardassar,9911883.48,2312949.94,4261214.57,-155678.50,7807940.35,644405.03,,7163535.32
2017,07001DV003,P. Esc. Turismo,340685.85,13305.06,35099.25,,318891.66,12985.38,,305906.28
2017,07003DV001,Inst. Menorquín de Estudios,19910.29,64208.12,42737.06,-2924.22,38457.13,,,38457.13
2017,07003DV002,Consell Economic i Social,2.36,,,,2.36,,,2.36
2017,07008AV001,P. M. d'Esports,,1.00,1.00,,,,,
2017,07015AV003,P. Esc. Infantiles,109243.42,554127.47,425743.98,,237626.91,30621.84,36968.20,170036.87
2017,07042AA000,Pollença,18615633.96,14561988.84,3780374.21,947656.00,30344904.59,4388126.73,441211.74,25515566.12
2017,07022AV001,Ctro. Cultural,29869.15,121400.00,5898.50,,145370.65,,,145370.65
2017,07026AV003,Museo de Arte Contemporáneo,13977.34,191483.93,12304.24,,193157.03,,,193157.03
2018,07004AA000,Algaida,2506678.64,1899400.39,519695.91,-4596.84,3881786.28,1051414.54,145898.08,2684473.66
2018,07006AA000,Artà,7447753.56,4811138.91,2088806.52,-179877.18,9990208.77,2048772.36,68276.88,7873159.53
2018,07008AA000,Binissalem,630394.56,3354365.65,889691.42,-475524.45,2619544.34,799011.69,108238.38,1712294.27
2018,07008AV001,P. M. d'Esports,,1.00,1.00,,,,,
2018,07009AA000,Búger,751594.55,753235.82,319148.14,25946.97,1211629.20,76257.66,46458.74,1088912.80
2018,07010AA000,Bunyola,1579807.72,5748830.64,1522580.00,-641317.96,5164740.40,2645571.68,,2519168.72
2018,07013AA000,Campos,11728719.67,4791645.82,1957008.11,-18795.07,14544562.31,945431.50,1399526.99,12199603.82
2018,07016AA000,Consell,1344572.73,1193979.83,271311.08,-60.00,2267181.48,276985.39,171643.03,1818553.06
2018,07018AA000,Deyá,1786963.41,1133137.52,148746.84,-53631.11,2717722.98,264230.18,45907.93,2407584.87
2018,07022AA000,Felanitx,3563635.61,4612739.45,773270.61,,7403104.45,1400269.87,112678.18,5890156.40
2018,07027AV001,Llar d'infants d'Inca,15582.11,114419.12,61519.31,,68481.92,3785.27,,64696.65
2018,07027AV002,Res. Ancianos M. Mir,212412.66,5015.01,54416.16,,163011.51,719.85,,162291.66
2018,07027AV005,Música Antoni Torrandell,32477.17,247828.22,6923.32,,273382.07,12398.31,,260983.76
2018,07028AA000,Lloret de Vistalegre,844280.60,341002.86,260477.62,,924805.84,,58747.40,866058.44
2018,07029AA000,Lloseta,411663.71,2041389.71,507799.63,-73179.65,1872074.14,535522.91,825.68,1335725.55
2018,07030AA000,Llubí,697919.72,929507.28,401525.78,-40638.93,1185262.29,217162.62,17392.72,950706.95
2018,07031AA000,Llucmajor,10270649.03,17419654.08,2966263.71,-689032.21,24035007.19,9923410.21,1569519.89,12542077.09
2018,07031AV001,P. Res. Personas Mayores,144442.71,41121.87,42681.68,3145.16,146028.06,23461.69,,122566.37
2018,07031AV002,P. Molí d'En Gaspar,,1.00,1.00,,,,,
2018,07036AA000,Marratxí,28157194.28,9824092.77,3806550.23,-29508.63,34145228.19,2957557.20,2099002.92,29088668.07
2018,07037AA000,Mercadal (Es),5691142.66,5481118.50,1956749.95,-154312.87,9061198.34,1489793.44,951197.96,6620206.94
2018,07046AA000,Sant Antoni de Portmany,24117229.78,8412243.13,2976387.08,-14298214.67,15254871.16,3868721.10,414330.28,10971819.78
2018,07050AA000,Sant Joan de Labritja,11780824.65,4757693.10,2356074.44,-65900.86,14116542.45,2099101.11,,12017441.34
2018,07055AA000,Santa Margalida,15210845.15,5049563.15,1053466.04,-335760.60,18871181.66,3252570.33,576453.15,15042158.18
2018,07061AA000,Sóller,12818058.32,6690760.10,1267929.92,-28141.09,18212747.41,2788578.32,1207575.54,14216593.55
2018,07063AA000,Valldemossa,1808956.63,2049186.61,354543.12,23006.90,3526607.02,189123.25,517665.81,2819817.96
2018,07064AA000,Castell (Es),5478397.76,2195285.30,664806.55,-341931.83,6666944.68,802701.41,107089.82,5757153.45
2018,07065AA000,Vilafranc de Bonany,459773.09,1214833.76,141073.45,86435.28,1619968.68,443256.22,70197.64,1106514.82
2018,07036AO001,Institut Municipal Comunicació,24083.30,11610.62,2178.75,12.75,33527.92,11610.62,,21917.30
2018,07005AA000,Andratx,38146996.97,25282302.65,3124613.31,-11528340.57,48776345.74,7278854.12,5070462.82,36427028.80
2018,07040AA000,Palma,44814324.69,128275471.58,55906222.25,-10282384.19,106901189.83,48630785.69,26015985.72,32254418.42
2018,07040AV001,Inst. M. l'Esport,2260280.90,343630.91,1817788.22,,786123.59,14932.40,769229.33,1961.86
2018,07040AV002,P. M. d'Escoles d'Infants,636447.74,548548.14,1133415.98,3111.05,54690.95,,,54690.95
2018,07040AV006,Instituto Municipal Innovación  (IMI),696952.79,588741.01,1206173.06,,79520.74,3039.07,,76481.67
2018,07040AV009,Inst. M. Form. Ocupacional i Feina,638999.89,970131.00,462297.00,,1146833.89,4247.91,1057802.27,84783.71
2018,07062AA000,Son Servera,1799542.47,5566487.93,615835.31,-341437.12,6408757.97,1848980.35,1049668.33,3510109.29
2018,07003AV002,F. Esc. M. Música,16907.28,70116.88,87024.16,,,,,
2018,07039AA000,Muro,5187531.75,2783781.23,1317713.54,-684255.18,5969344.26,856670.14,,5112674.12
2018,07059AA000,Salines (Ses),6263896.05,2844108.48,1280619.21,-508623.49,7318761.83,291597.04,892849.35,6134315.44
2018,07014AA000,Capdepera,9316440.86,8014525.84,3646807.29,-240074.02,13444085.39,4936203.67,81232.73,8426648.99
2018,07026AA000,Eivissa,21831334.65,16143921.04,5429091.00,235733.22,32781897.91,7145470.12,5501412.25,20135015.54
2018,07026AV001,P. M. Deportes,67552.00,687978.29,50009.97,,705520.32,,,705520.32
2018,07026AV002,P. M. Música,41954.23,112686.44,20617.02,,134023.65,,,134023.65
2018,07026AV003,Museo de Arte Contemporáneo,37622.65,168885.47,7330.37,,199177.75,,,199177.75
2018,07032AA000,Maó,7001244.98,15138830.64,5758499.85,-915757.90,15465817.87,7648589.58,3201002.52,4616225.77
2018,07011AO001,"Inst. M. de Educación y Bibliotecas, IMEB -Calvià",1603581.57,300628.83,696514.63,6694.66,1214390.43,63230.86,,1151159.57
2018,07002AA000,Alaior,5918153.98,6648869.69,2465314.22,129476.07,10231185.52,3288163.01,641582.61,6301439.90
2018,07011AA000,Calvià,76079547.32,41198108.30,14615972.39,-1850842.15,100810841.08,34370344.58,20087035.62,46353460.88
2018,07033AA000,Manacor,33089535.13,16575975.81,5121876.06,-91605.16,44452029.72,8710488.89,2868467.92,32873072.91
2018,07033AO001,Institut Públic del Teatre Municipal,214944.13,472165.14,65661.68,,621447.59,87819.33,12580.20,521048.06
2018,07033AV002,P. l'Escola M. de Mallorqui,26797.37,346446.74,8607.06,,364637.05,246576.69,,118060.36
2018,07011AO002,Oficina Municipal de Tributos de Calvià,473035.63,133839.04,246758.67,-59454.31,300661.69,,,300661.69
2018,07001AA000,Alaró,1097169.14,1681670.00,801296.70,-143852.02,1833690.42,591162.74,304256.25,938271.43
2018,07015AV003,P. Esc. Infantiles,141729.49,664955.06,523358.24,,283326.31,17665.00,1848.41,263812.90
2018,07042AA000,Pollença,19723519.75,14835683.06,3051925.93,478153.27,31985430.15,3231703.90,614769.30,28138956.95
2018,07042AO002,Institut Municipal Radio Pollença,4662.88,43176.23,4492.40,,43346.71,391.33,,42955.38
2018,07042AO003,Residencia Social,28418.49,550144.27,23649.97,603.96,555516.75,828.26,,554688.49
2018,07043AA000,Porreres,1042643.24,871859.07,501492.17,-159375.86,1253634.28,302813.92,184234.64,766585.72
2018,07051AA000,Sant Llorenç des Cardassar,12851048.37,3720895.65,3702316.69,-155178.36,12714448.97,686903.93,350000.00,11677545.04
2018,07056AV001,P. Res. Pers. Majors. Cas Metge Rei,21439.45,208189.00,40047.59,1438.07,191018.93,11919.85,,179099.08
2018,07057AA000,Santanyí,11215919.96,6904915.41,3472113.25,,14648722.12,4162151.16,84468.45,10402102.51
2018,07902AA000,Migjorn Gran (Es),2486801.22,2362809.68,776297.28,-54766.46,4018547.16,462715.91,1417151.91,2138679.34
2018,07001DV003,P. Esc. Turismo,252017.87,13305.06,28686.76,,236636.17,12985.38,,223650.79
2018,07002DD000,Consejo Insular de Mallorca,151046120.95,58007841.68,138368194.62,71688.97,70757456.98,22423330.29,93419000.19,-45084873.50
2018,07002DV001,Inst. l'Esport Hipic,798366.81,2176948.57,518026.83,7250.57,2464539.12,219584.36,107.40,2244847.36
2018,07003DD000,Consejo Insular de Menorca,39759697.86,10475957.63,20442289.54,-330521.63,29462844.32,,4494917.49,24967926.83
2018,07002DO001,Agència  Protecció Legalitat Urbanística i Territorial de Mallorca,348733.95,18336567.91,1169766.44,2865.53,17518400.95,16997199.73,,521201.22
2018,07002MM000,Mc. Pla de Mallorca,2936747.66,3704607.03,585567.11,-16022.98,6039764.60,802521.43,,5237243.17
2018,07003MM000,Mc. Migjorn de Mallorca,3613327.70,495006.78,162034.72,988.00,3947287.76,5944.12,,3941343.64
2018,07012AA000,Campanet,1497352.05,1823368.25,781274.06,,2539446.24,681046.90,17578.89,1840820.45
2018,07022AV001,Ctro. Cultural,39139.18,126600.00,922.01,,164817.17,,,164817.17
2018,07035AA000,Maria de la Salut,558098.25,819218.29,85251.50,-13607.17,1278457.87,166294.41,214060.41,898103.05
2018,07048AA000,Sant Josep de sa Talaia,43430382.89,31462219.98,5850055.10,-2312492.99,66730054.78,13952757.43,2756616.22,50020681.13
2018,07058AA000,Selva,5404636.89,1484888.92,342240.47,-125298.87,6421986.47,411390.08,,6010596.39
2018,07040AV004,P. M. l'Habitatge,497276.40,214496.80,294555.01,-177880.95,239337.24,,194590.94,44746.30
2018,07003AV003,Emisora Alcúdia Radio,11045.07,70492.55,32324.59,,49213.03,,,49213.03
2018,07014AO001,F. Castell de Capdepera,344676.00,45181.46,11789.53,,378067.93,,,378067.93
2018,07033AV003,P. M. d'Esports,231649.02,1567749.10,31019.05,,1768379.07,538215.86,267290.29,962872.92
2018,07044AA000,Pobla (Sa),5683090.32,4073778.55,5382450.05,-160531.68,4213887.14,1697335.14,2017151.40,499400.60
2018,07015AA000,Ciutadella de Menorca,13922386.99,19986251.31,5865109.37,271077.88,28314606.81,9998499.73,3574071.78,14742035.30
2018,07015AV002,Hospital Municipal,226495.13,1513615.49,114843.06,-14768.21,1610499.35,56329.89,75000.00,1479169.46
2018,07023AA000,Ferreries,3069955.06,2970587.39,1958121.06,-61709.64,4020711.75,1271912.79,159174.31,2589624.65
2018,07052AA000,Sant Lluís,8280708.37,4099567.67,2189328.63,-284855.85,9906091.56,1689568.98,2155808.83,6060713.75
2018,07054AA000,Santa Eulalia del Río,29302086.21,8939662.93,7301482.60,-3520703.53,27419563.01,1325889.76,1902785.29,24190887.96
2018,07056AA000,Santa María del Camí,4285552.67,3490168.06,749572.85,-142160.59,6883987.29,1292642.55,269164.39,5322180.35
2018,07002DV003,Inst.  Mallorquí d'Afers Socials,18649448.09,48126774.28,32994763.76,87992.63,33869451.24,1570987.04,15124946.40,17173517.80
2018,07003DV001,Inst. Menorquín de Estudios,40794.89,84770.00,75920.22,-12076.89,37567.78,,,37567.78
2018,07003DV002,Consell Economic i Social,2.36,,,,2.36,,,2.36
2018,07010AE001,Palmanyola,90867.79,202037.20,250151.02,91685.05,134439.02,4120.78,,130318.24
2018,07027AA000,Inca,10932479.79,13295099.45,3887403.11,,20340176.13,8154161.85,,12186014.28
2018,07003AA000,Alcúdia,77882513.21,11586063.45,3372154.80,,86096421.86,5360000.00,6890.74,80729531.12
2018,07033AO002,Institució Pública Antoni M. Alcover,83379.08,335000.00,1199.76,,417179.32,269750.00,,147429.32
2018,07901AA000,Ariany,1014535.75,368984.26,23797.30,-2506.83,1357215.88,18412.17,42946.10,1295857.61
2018,07001DD000,Consejo Insular de Ibiza,70762288.55,17869807.45,11175167.09,-760073.83,76696855.08,10283803.89,1015453.82,65397597.37
2018,07003AV001,P. M. D'Esports,13784.72,112274.49,85677.15,,40382.06,,,40382.06
2019,07004AA000,Algaida,2727834.89,1716846.81,339440.75,-4596.84,4100644.11,1082518.64,112141.54,2905983.93
2019,07006AA000,Artà,6382368.52,5373344.12,1903760.32,308196.41,10160148.73,1958684.46,832.54,8200631.73
2019,07007AA000,Banyalbufar,844748.84,2704347.38,735569.06,-14915.17,2798611.99,872508.57,17593.59,1908509.83
2019,07012AA000,Campanet,635489.11,2186281.26,441682.66,,2380087.71,776118.54,,1603969.17
2019,07014AA000,Capdepera,8572317.08,8350191.97,3169346.75,33265.25,13786427.55,5157185.92,100000.00,8529241.63
2019,07014AO001,F. Castell de Capdepera,328006.73,65216.89,10533.55,558.90,383248.97,,,383248.97
2019,07016AA000,Consell,1964540.37,1060162.50,145596.12,-60.00,2879046.75,323271.45,333811.07,2221964.23
2019,07020AV001,"P. M. Cultura, Deporte y Tiempo libre",6130.11,,5945.03,,185.08,,,185.08
2019,07020AV002,P. d'Escoles Municipals,1590.10,8312.53,31106.55,7.24,-21196.68,,,-21196.68
2019,07022AA000,Felanitx,5860895.63,4639265.55,909114.84,,9591046.34,1511928.69,197845.02,7881272.63
2019,07026AA000,Eivissa,30319555.80,18667494.07,5997281.57,27738.82,43017507.12,7550042.77,4180340.54,31287123.81
2019,07026AV002,P. M. Música,42316.20,122969.56,31262.11,,134023.65,,,134023.65
2019,07028AA000,Lloret de Vistalegre,874145.87,224058.17,171486.06,,926717.98,3039.67,28549.53,895128.78
2019,07031AA000,Llucmajor,15291548.46,18134055.48,2042588.46,-1097668.77,30285346.71,12510371.36,1683236.20,16091739.15
2019,07031AV001,P. Res. Personas Mayores,358423.46,70695.72,105095.94,3145.16,327168.40,24743.07,,302425.33
2019,07032AA000,Maó,9920889.59,13636118.27,5135554.39,-2226337.59,16195115.88,8016010.26,,8179105.62
2019,07038AA000,Montuïri,1497042.51,3255456.78,2213164.46,737968.37,3277303.20,1050469.41,,2226833.79
2019,07041AA000,Petra,516585.35,5322550.24,1335180.67,9132432.29,13636387.21,3315884.84,2005454.71,8315047.66
2019,07046AA000,Sant Antoni de Portmany,24223503.81,9251127.80,3065115.15,-1014187.36,29395329.10,3081197.22,184745.51,26129386.37
2019,07048AA000,Sant Josep de sa Talaia,46448062.23,33347300.23,5801365.25,-2947255.35,71046741.86,15101814.97,1807614.55,54137312.34
2019,07050AA000,Sant Joan de Labritja,14455255.83,4529500.88,2379495.24,-125880.94,16479380.53,2415401.10,,14063979.43
2019,07053AA000,Santa Eugènia,197842.29,785370.67,145965.77,77210.41,914457.60,356010.58,180140.72,378306.30
2019,07055AA000,Santa Margalida,18640704.26,5440807.81,1250039.74,-265346.81,22566125.52,3131456.02,675273.50,18759396.00
2019,07061AA000,Sóller,15931016.10,7778903.04,1250869.57,-27592.23,22431457.34,3354381.67,1487316.16,17589759.51
2019,07063AA000,Valldemossa,2665208.12,1205157.63,339961.31,-43713.31,3486691.13,223854.97,313685.02,2949151.14
2019,07064AA000,Castell (Es),6229773.51,2378180.27,805660.89,-17655.30,7784637.59,1200073.76,210679.92,6373883.91
2019,07065AA000,Vilafranc de Bonany,850398.66,864699.45,132096.87,-77856.85,1505144.39,311449.26,40127.04,1153568.09
2019,07005AA000,Andratx,41362613.98,26503924.31,3118345.78,-11310606.52,53437585.99,11691080.15,4444830.37,37301675.47
2019,07040AA000,Palma,69336942.71,144747544.83,54535947.42,-11504448.62,148044091.50,47127576.57,32425311.19,68491203.74
2019,07040AV001,Inst. M. l'Esport,526243.60,1451358.22,998705.79,,978896.03,16516.87,805957.04,156422.12
2019,07040AV002,P. M. d'Escoles d'Infants,323504.42,995188.76,924939.12,,393754.06,,,393754.06
2019,07040AV004,P. M. l'Habitatge,112322.80,271544.41,149628.72,,234238.49,21695.47,194590.94,17952.08
2019,07040AV009,Inst. M. Form. Ocupacional i Feina,309281.91,1162866.31,520606.74,,951541.48,1321.50,906772.21,43447.77
2019,07062AA000,Son Servera,4287581.49,4120966.08,1160749.75,-304316.79,6943481.03,1261818.05,709279.45,4972383.53
2019,07003AA000,Alcúdia,86215294.10,10815847.68,3693184.22,-98518.68,93239438.88,5201000.00,,88038438.88
2019,07003AV003,Emisora Alcúdia Radio,42236.68,,4852.82,,37383.86,,,37383.86
2019,07039AA000,Muro,5473171.23,4089025.82,989355.79,-797077.93,7775763.33,1341965.83,,6433797.50
2019,07059AA000,Salines (Ses),5303179.84,2903069.40,1295917.54,-540127.20,6370204.50,284252.96,1089778.01,4996173.53
2019,07011AO001,"Inst. M. de Educación y Bibliotecas, IMEB -Calvià",2064627.06,305591.28,764125.91,4370.89,1610463.32,63230.86,,1547232.46
2019,07011AA000,Calvià,68476618.66,35036608.72,17408504.81,-1707953.24,84396769.33,26167042.50,19125236.96,39104489.87
2019,07033AA000,Manacor,35918060.15,20248817.44,5903688.16,-36710.76,50226478.67,11283036.38,3323233.35,35620208.94
2019,07033AO001,Institut Públic del Teatre Municipal,111573.63,445293.52,96779.10,,460088.05,76711.85,,383376.20
2019,07033AV003,P. M. d'Esports,175682.23,1923832.11,36972.78,,2062541.56,627236.61,441464.48,993840.47
2019,07033AO002,Institució Pública Antoni M. Alcover,135871.35,282500.00,792.56,,417578.79,314000.00,,103578.79
2019,07044AA000,Pobla (Sa),219114.52,4190463.53,2005157.29,-308500.42,2095920.34,1754092.05,,341828.29
2019,07011AO002,Oficina Municipal de Tributos de Calvià,519309.52,23836.83,222307.23,-59454.31,261384.81,,,261384.81
2019,07008AA000,Binissalem,342960.43,3048926.78,406449.59,-527796.61,2457641.01,640969.11,167618.59,1649053.31
2019,07017AA000,Costitx,599454.02,411461.94,49353.65,26227.05,987789.36,149702.16,,838087.20
2019,07018AA000,Deyá,2096823.56,1074702.39,146674.87,-39876.42,2984974.66,464054.59,38619.90,2482300.17
2019,07025AA000,Fornalutx,1053609.30,906421.14,166592.46,2818.73,1796256.71,167214.30,472937.82,1156104.59
2019,07027AA000,Inca,10714680.70,12970033.39,5371889.58,,18312824.51,8271275.78,659094.66,9382454.07
2019,07027AV001,Llar d'infants d'Inca,40247.34,13263.53,31066.89,,22443.98,6172.75,,16271.23
2019,07027AV002,Res. Ancianos M. Mir,122119.92,5015.01,38586.19,,88548.74,4114.01,,84434.73
2019,07027AV005,Música Antoni Torrandell,28745.50,17381.64,8056.22,,38070.92,13690.86,,24380.06
2019,07010AA000,Bunyola,1373472.85,6598383.01,1403756.21,-1444801.46,5123298.19,3288890.33,284966.73,1549441.13
2019,07029AA000,Lloseta,-219344.86,2019373.41,429248.58,-135920.88,1234859.09,688780.59,12726.21,533352.29
2019,07035AA000,Maria de la Salut,595092.28,630975.62,91451.96,-7986.15,1126629.79,150551.92,51434.31,924643.56
2019,07015AA000,Ciutadella de Menorca,20862801.57,16170874.01,5309072.27,-64478.72,31660124.59,8006464.97,2462739.57,21190920.05
2019,07043AA000,Porreres,1152464.32,1099631.44,455581.45,-112932.45,1683581.86,328429.70,175067.00,1180085.16
2019,07051AA000,Sant Llorenç des Cardassar,8915199.79,4165124.45,6032657.63,-343236.26,6704430.35,1060552.32,77686.81,5566191.22
2019,07052AA000,Sant Lluís,8323282.04,3782499.55,1922569.11,-315465.44,9867747.04,1845997.85,1871827.13,6149922.06
2019,07056AA000,Santa María del Camí,4248698.72,3274848.84,691482.17,-214548.99,6617516.40,1548707.57,196120.01,4872688.82
2019,07056AV001,P. Res. Pers. Majors. Cas Metge Rei,44314.34,137607.60,17760.89,7385.96,171547.01,16230.93,,155316.08
2019,07902AA000,Migjorn Gran (Es),1986940.21,3126893.19,417993.33,-42580.67,4653259.40,689038.18,1705868.46,2258352.76
2019,07001DD000,Consejo Insular de Ibiza,93215732.62,18330285.68,12854741.39,-673161.03,98018115.88,10604121.76,5322340.51,82091653.61
2019,07001DV003,P. Esc. Turismo,298275.65,13305.06,29614.01,,281966.70,12985.38,,268981.32
2019,07002DV001,Inst. l'Esport Hipic,2715795.89,686585.19,1645662.71,2584.01,1759302.38,235632.97,866695.72,656973.69
2019,07002DV003,Inst.  Mallorquí d'Afers Socials,3457833.69,52127190.02,24841680.26,106313.43,30849656.88,1771067.77,13089083.59,15989505.52
2019,07003DD000,Consejo Insular de Menorca,28818383.56,9968504.28,7800144.62,2220.45,30988963.67,738340.77,3045489.54,27205133.36
2019,07003DV001,Inst. Menorquín de Estudios,150736.31,52578.75,80384.06,,122931.00,5250.58,5424.94,112255.48
2019,07003DV002,Consell Economic i Social,2.36,,,,2.36,,,2.36
2019,07002DO001,Agència  Protecció Legalitat Urbanística i Territorial de Mallorca,510156.89,23480223.40,1314244.96,618.13,22676753.46,22123083.21,,553670.25
2019,07010AE001,Palmanyola,339765.77,49355.67,139281.86,-24582.39,225257.19,8026.92,189803.39,27426.88
2019,07003MM000,Mc. Migjorn de Mallorca,3905954.48,379082.36,112167.99,5759.92,4178628.77,31277.51,,4147351.26
2019,07020AA000,Esporles,1009780.18,3442770.48,1035769.31,-2059758.28,1357023.07,346240.88,76228.50,934553.69
2019,07026AV001,P. M. Deportes,90831.69,666236.69,51548.06,,705520.32,,,705520.32
2019,07036AA000,Marratxí,32639407.98,11197077.29,4945895.78,-29451.37,38861138.12,3715674.38,1856067.19,33289396.55
2019,07037AA000,Mercadal (Es),6982721.77,5634529.20,1920391.12,-162811.15,10534048.70,2011986.39,1063283.01,7458779.30
2019,07040AV006,Instituto Municipal Innovación  (IMI),88552.49,1658643.06,1664679.91,,82515.64,3080.14,,79435.50
2019,07003AV001,P. M. D'Esports,77192.67,67.00,37178.09,,40081.58,,,40081.58
2019,07002AA000,Alaior,5830643.11,5743858.99,1188300.17,119792.99,10505994.92,3514167.51,296859.06,6694968.35
2019,07033AV002,P. l'Escola M. de Mallorqui,93527.43,319583.66,32848.14,,380262.95,249396.31,,130866.64
2019,07901AA000,Ariany,1064114.53,414682.18,29038.48,-14057.12,1435701.11,36092.31,81909.25,1317699.55
2019,07008AV001,P. M. d'Esports,,1,1,,,,,
2019,07001AA000,Alaró,755523.46,1676929.41,628673.81,-74185.93,1729593.13,579469.19,304256.25,845867.69
2019,07015AV002,Hospital Municipal,117627.16,1566169.19,79350.48,95359.50,1699805.37,,30032.73,1669772.64
2019,07015AV003,P. Esc. Infantiles,222200.83,754178.64,647177.88,,329201.59,4588.73,,324612.86
2019,07023AA000,Ferreries,2520272.12,3318970.57,1216523.72,-67408.60,4555310.37,1292188.28,396203.21,2866918.88
2019,07042AA000,Pollença,9462568.59,26759685.64,1592686.66,356137.40,34985704.97,3125447.53,550615.88,31309641.56
2019,07054AA000,Santa Eulalia del Río,25180228.85,7974965.19,9236480.19,-2630434.65,21288279.20,994509.32,1774409.37,18519360.51
2019,07057AA000,Santanyí,14592115.96,5829475.30,1600382.92,,18821208.34,2839844.02,133708.51,15847655.81
2019,07002DD000,Consejo Insular de Mallorca,159183475.59,83327101.92,118391236.93,81321.29,124200661.87,21852753.28,74686691.20,27661217.39
2019,07013AA000,Campos,12669301.77,4510681.80,1340665.86,-158798.99,15680518.72,985402.97,1216789.11,13478326.64
2019,07022AV001,Ctro. Cultural,87961.61,130000.00,1448.01,,216513.60,,,216513.60
2019,07036AO001,Institut Municipal Comunicació,46846.71,11610.62,11625.22,12.75,46844.86,11610.62,,35234.24
2019,07003AV002,F. Esc. M. Música,38475.49,514.58,38990.07,,,,,
2019,07031AV002,P. Molí d'En Gaspar,,1,1,,,,,
2019,07026AV003,Museo de Arte Contemporáneo,6163.22,200676.62,7662.09,,199177.75,,,199177.75
2019,07041AO001,F. Escuela Municipal de Música de Petra,2332.48,,4399.90,1648.07,-419.35,,,-419.35
2020,07004AA000,Algaida,3669306.97,1209061.57,573473.10,-4596.84,4300298.60,565430.56,502615.81,3232252.23
2020,07006AA000,Artà,5389731.66,5016519.07,1742588.08,-82275.33,8581387.32,1967397.33,,6613989.99
2020,07010AA000,Bunyola,1873129.10,7054299.05,447403.44,-1335787.91,7144236.80,3678392.17,208524.00,3257320.63
2020,07014AO001,F. Castell de Capdepera,214043.08,65181.46,10550.43,,268674.11,,,268674.11
2020,07016AA000,Consell,2688762.85,1121158.82,346518.62,-60.00,3463343.05,361678.25,430862.75,2670802.05
2020,07026AA000,Eivissa,31488960.68,18771676.31,5377057.22,85376.78,44968956.55,7869744.60,4294478.98,32804732.97
2020,07026AV001,P. M. Deportes,26835.05,738152.82,59467.55,,705520.32,,,705520.32
2020,07026AV003,Museo de Arte Contemporáneo,14038.28,194308.06,9168.59,,199177.75,,,199177.75
2020,07028AA000,Lloret de Vistalegre,1527856.37,591332.81,470820.53,,1648368.65,8824.45,664676.68,974867.52
2020,07029AA000,Lloseta,454218.94,1833933.44,297760.08,-271082.88,1719309.42,608551.43,1424.42,1109333.57
2020,07030AA000,Llubí,1500138.71,975303.73,615770.88,-264950.65,1594720.91,328994.69,428727.81,836998.41
2020,07031AA000,Llucmajor,21047991.14,18878903.21,2402314.82,-964838.63,36559740.90,10462726.93,1476534.42,24620479.55
2020,07031AV001,P. Res. Personas Mayores,306983.70,78084.70,42573.62,3196.16,345690.94,33091.34,,312599.60
2020,07032AA000,Maó,9215289.01,15618316.83,6267352.70,-1632021.35,16934231.79,9074317.74,,7859914.05
2020,07034AA000,Mancor de la Vall,1564935.43,922149.08,118307.94,-81863.50,2286913.07,286283.76,573924.98,1426704.33
2020,07035AA000,Maria de la Salut,604352.37,1231472.17,81442.81,-32571.16,1721810.57,193788.27,576277.69,951744.61
2020,07036AA000,Marratxí,36073806.86,11439334.07,4381851.76,-12553.96,43118735.21,3837633.06,2422127.33,36858974.82
2020,07041AA000,Petra,723096.13,5349519.84,1247452.72,9271745.49,14096908.74,3517201.56,2581949.15,7997758.03
2020,07041AO001,F. Escuela Municipal de Música de Petra,3646.16,6750.00,1842.78,290.09,8843.47,,,8843.47
2020,07048AA000,Sant Josep de sa Talaia,36679399.07,35605416.30,6274025.15,-2147505.44,63863284.78,18785018.58,,45078266.20
2020,07050AA000,Sant Joan de Labritja,16476627.77,4707428.93,4109341.50,-79290.83,16995424.37,2743132.00,270740.87,13981551.50
2020,07058AA000,Selva,7296051.61,1698189.31,191983.26,-784298.80,8017958.86,478079.56,,7539879.30
2020,07061AA000,Sóller,17148754.58,8529411.67,6796830.87,-113751.28,18767584.10,3970812.23,1871555.26,12925216.61
2020,07063AA000,Valldemossa,2855412.27,1072995.21,184808.40,-60618.93,3682980.15,248204.52,186178.45,3248597.18
2020,07040AA000,Palma,65283999.29,148367203.27,56037072.07,-4130523.61,153483606.88,50826893.06,37921176.82,64735537.00
2020,07040AV001,Inst. M. l'Esport,851744.48,4228561.06,4377792.29,,702513.25,18509.06,639189.64,44814.55
2020,07040AV002,P. M. d'Escoles d'Infants,167257.47,495915.04,649955.32,,13217.19,,,13217.19
2020,07040AV004,P. M. l'Habitatge,160553.46,384456.31,182293.53,,362716.24,34145.57,194590.94,133979.73
2020,07040AV006,Instituto Municipal Innovación  (IMI),97955.04,203880.03,189111.35,,112723.72,2926.10,,109797.62
2020,07040AV009,Inst. M. Form. Ocupacional i Feina,530023.73,5836609.46,2495325.03,-247.63,3871060.53,1651.97,3848356.45,21052.11
2020,07062AA000,Son Servera,5133937.49,5168211.10,1150590.46,-228593.47,8922964.66,1339025.55,1283752.30,6300186.81
2020,07003AA000,Alcúdia,95559533.66,12188143.22,5190596.22,-336723.73,102220356.93,5723752.00,,96496604.93
2020,07039AA000,Muro,5821658.48,3381685.54,686591.34,-965211.80,7551540.88,1413201.75,,6138339.13
2020,07049AA000,Sant Joan,2491441.27,1427780.89,426955.10,-132224.65,3360042.41,651645.92,792880.78,1915515.71
2020,07059AA000,Salines (Ses),5361556.56,3090311.10,1305015.12,-771450.05,6375402.49,474715.97,1033895.80,4866790.72
2020,07011AO001,"Inst. M. de Educación y Bibliotecas, IMEB -Calvià",1690196.78,804376.53,667401.54,46026.09,1873197.86,63230.86,755000.00,1054967.00
2020,07002AA000,Alaior,5250754.34,5545547.99,1222726.82,107498.25,9681073.76,3828872.82,508029.89,5344171.05
2020,07033AA000,Manacor,38166696.46,21304256.41,4590475.56,-977985.56,53902491.75,10098988.15,3466927.61,40336575.99
2020,07033AO001,Institut Públic del Teatre Municipal,32594.75,497169.64,18012.70,,511751.69,179600.25,,332151.44
2020,07033AV002,P. l'Escola M. de Mallorqui,3947.81,409283.66,9452.19,,403779.28,244958.44,,158820.84
2020,07033AV003,P. M. d'Esports,468126.57,1416131.18,60263.61,,1823994.14,500206.75,218279.20,1105508.19
2020,07044AA000,Pobla (Sa),641826.77,4277418.21,1784004.25,-323855.29,2811385.44,1872527.80,26912.20,911945.44
2020,07047AA000,Sencelles,1404690.16,1517359.47,152457.71,-319354.76,2450237.16,702162.96,24054.97,1724019.23
2020,07008AA000,Binissalem,1508448.44,2545926.05,959316.21,368179.73,3463238.01,640969.11,,2822268.90
2020,07018AA000,Deyá,3124241.61,944574.81,65890.90,-9289.91,3993635.61,621372.28,567313.61,2804949.72
2020,07025AA000,Fornalutx,1516840.14,801825.35,157754.38,-3314.70,2157596.41,187755.66,773706.16,1196134.59
2020,07022AV001,Ctro. Cultural,172185.16,131500.00,1820.51,,301864.65,,,301864.65
2020,07038AA000,Montuïri,3100324.61,4231876.48,648349.17,-636798.10,6047053.82,1059675.37,178557.83,4808820.62
2020,07065AA000,Vilafranc de Bonany,1153668.01,939499.23,92813.13,-258260.62,1742093.49,378388.77,197425.99,1166278.73
2020,07001AA000,Alaró,1043763.39,1723621.42,529954.46,-273571.86,1963858.49,559258.72,307378.82,1097220.95
2020,07015AA000,Ciutadella de Menorca,18890838.72,17119288.68,5008070.70,-90018.45,30912038.25,6880053.17,2764251.60,21267733.48
2020,07015AV003,P. Esc. Infantiles,111825.32,897142.43,679106.65,,329861.10,3364.02,,326497.08
2020,07023AA000,Ferreries,3004101.84,3219113.14,1437666.86,-193876.05,4591672.07,1504533.51,176433.26,2910705.30
2020,07042AA000,Pollença,9382347.93,29163876.59,2436138.12,-641933.13,35468153.27,3295725.86,273720.57,31898706.84
2020,07043AA000,Porreres,1742457.65,999623.43,616874.84,-353082.30,1772123.94,371247.07,219473.00,1181403.87
2020,07051AA000,Sant Llorenç des Cardassar,11520928.51,13500812.26,2326515.48,-10524162.19,12171063.10,959357.75,319285.70,10892419.65
2020,07052AA000,Sant Lluís,8927326.32,3007785.97,1801434.02,-330220.79,9803457.48,1006582.07,933409.23,7863466.18
2020,07054AA000,Santa Eulalia del Río,24685911.50,10255715.89,9534370.51,-3464011.39,21943245.49,1309612.94,1765886.61,18867745.94
2020,07056AA000,Santa María del Camí,4318323.71,4670326.02,925555.50,-307026.63,7756067.60,1686916.51,1813465.79,4255685.30
2020,07057AA000,Santanyí,18124726.96,7145505.44,1209482.07,-158571.40,23902178.93,3677242.70,870723.87,19354212.36
2020,07902AA000,Migjorn Gran (Es),2316268.27,1158184.24,542076.86,-40617.84,2891757.81,980944.41,1844676.78,66136.62
2020,07001DV003,P. Esc. Turismo,352066.23,13305.06,32166.66,,333204.63,12985.38,,320219.25
2020,07002DD000,Consejo Insular de Mallorca,216300654.95,53193859.60,127604306.35,44505.90,141934714.10,10978600.35,94584914.73,36371199.02
2020,07002DV001,Inst. l'Esport Hipic,1420890.43,1301217.17,453792.67,537.80,2268852.73,153180.49,1323388.79,792283.45
2020,07002DO001,Agència  Protecció Legalitat Urbanística i Territorial de Mallorca,197011.85,28015121.55,1380701.19,7487.94,26838920.15,26623123.05,,215797.10
2020,07002DV003,Inst.  Mallorquí d'Afers Socials,7701543.39,71910731.93,35128981.50,65075.58,44548369.40,738360.88,16533665.06,27276343.46
2020,07003DD000,Consejo Insular de Menorca,33566395.90,9706038.60,8257512.45,-1069572.51,33945349.54,629595.05,4182658.23,29133096.26
2020,07003DV001,Inst. Menorquín de Estudios,182392.43,147919.25,125071.74,-127.82,205112.12,5250.58,4836.42,195025.12
2020,07003DV002,Consell Economic i Social,2.36,,,,2.36,,,2.36
2020,07002MM000,Mc. Pla de Mallorca,4049248.29,4343264.25,567422.27,,7825090.27,1918268.72,,5906821.55
2020,07003MM000,Mc. Migjorn de Mallorca,4085851.23,470705.25,226521.06,8687.12,4338722.54,16411.70,,4322310.84
2020,07014AA000,Capdepera,5238979.72,12785078.02,3376952.33,-274043.80,14373061.61,6126421.57,100000.00,8146640.04
2020,07026AV002,P. M. Música,33940.31,121859.39,21776.05,,134023.65,,,134023.65
2020,07031AV002,P. Molí d'En Gaspar,950.27,39100.00,,281.36,40331.63,,,40331.63
2020,07036AO001,Institut Municipal Comunicació,33135.23,16086.38,2389.50,12.75,46844.86,11610.62,,35234.24
2020,07037AA000,Mercadal (Es),6655998.76,5148815.84,1669349.43,-231640.52,9903824.65,1955880.98,807401.80,7140541.87
2020,07046AA000,Sant Antoni de Portmany,29779197.81,9799310.37,3575179.52,-752228.65,35251100.01,2821031.82,261959.92,32168108.27
2020,07055AA000,Santa Margalida,20307590.99,5915025.88,1368848.95,-367099.03,24486668.89,3625127.30,715384.61,20146156.98
2020,07064AA000,Castell (Es),5706538.94,3652075.93,997509.36,-10785.87,8350319.64,1427145.71,420587.45,6502586.48
2020,07005AA000,Andratx,28342109.80,28083837.73,2999804.21,-11479485.59,41946657.73,11365352.93,4861575.71,25719729.09
2020,07011AA000,Calvià,51935841.90,41073821.05,18821906.92,-1417627.47,72770128.56,31239292.67,15228352.02,26302483.87
2020,07033AO002,Institució Pública Antoni M. Alcover,127305.48,296500.00,5129.02,,418676.46,265000.00,,153676.46
2020,07901AA000,Ariany,1722138.44,367189.24,34940.58,-319233.41,1735153.69,33184.24,259647.52,1442321.93
2020,07011AO002,Oficina Municipal de Tributos de Calvià,513229.92,150126.16,298887.04,,364469.04,,,364469.04
2020,07017AA000,Costitx,950546.97,529193.97,97855.48,-201107.26,1180778.20,179672.96,15759.13,985346.11
2020,07027AA000,Inca,9985684.50,15164897.17,3063759.45,-245.46,22086576.76,9335695.70,1068305.49,11682575.57
2020,07022AA000,Felanitx,8448684.32,4445965.32,826193.28,,12068456.36,1462694.84,607463.53,9998297.99
2020,07053AA000,Santa Eugènia,490425.99,807546.19,135301.04,86156.79,1248827.93,380760.71,542382.92,325684.30
2020,07056AV001,P. Res. Pers. Majors. Cas Metge Rei,7287.68,131777.09,49820.43,1453.07,90697.41,22135.54,,68561.87
2020,07001DD000,Consejo Insular de Ibiza,90038693.68,17574745.72,6569260.12,-774013.75,100270165.53,10215106.28,5088427.57,84966631.68
2020,07010AE001,Palmanyola,392568.82,56356.64,109627.69,-33961.37,305336.40,12147.70,196803.39,96385.31
2020,07013AA000,Campos,13105416.02,4485742.72,1222056.21,-199065.76,16170036.77,913729.20,1260177.23,13996130.34
2020,07015AV002,Hospital Municipal,280657.64,1567750.73,123515.91,,1724892.46,,,1724892.46
2020,07008AV001,P. M. d'Esports,,1.00,1.00,,,,,
2021,07004AA000,Algaida,4489561.58,973692.11,283094.48,-4596.84,5175562.37,349488.51,209911.76,4616162.10
2021,07005AA000,Andratx,29906303.53,27965731.70,2214763.05,-11028382.15,44628890.03,11806386.10,4892527.49,27929976.44
2021,07014AA000,Capdepera,4158538.64,26645192.33,5502470.85,-10456344.23,14844915.89,7396543.67,927493.11,6520879.11
2021,07016AA000,Consell,3183943.43,1521943.01,342881.16,-110.00,4362895.28,380083.94,1191191.11,2791620.23
2021,07026AA000,Eivissa,46159791.20,19624691.99,5047908.39,62083.30,60798658.10,9682437.57,9230167.66,41886052.87
2021,07026AV001,P. M. Deportes,76957.09,517221.61,46350.18,,547828.52,,,547828.52
2021,07026AV003,Museo de Arte Contemporáneo,5004.06,150571.46,7262.01,,148313.51,,,148313.51
2021,07026AV002,P. M. Música,27641.75,99509.63,23264.55,,103886.83,,,103886.83
2021,07031AA000,Llucmajor,28693067.06,20951168.83,1700517.04,-896461.26,47047257.59,9018429.44,2510318.03,35518510.12
2021,07031AV001,P. Res. Personas Mayores,1158511.11,60746.85,32964.95,359.46,1186652.47,26127.48,,1160524.99
2021,07031AV002,P. Molí d'En Gaspar,1309.77,39100.00,,281.36,40691.13,,,40691.13
2021,07032AA000,Maó,13734119.32,14766827.34,7516873.69,-2146550.87,18837522.10,9233625.17,1589984.24,8013912.69
2021,07034AA000,Mancor de la Vall,1872385.47,931820.35,191885.35,-60430.42,2551890.05,332287.07,1053379.95,1166223.03
2021,07036AA000,Marratxí,43364107.72,11678939.04,4538274.20,-27264.09,50477508.47,3946402.89,3621016.24,42910089.34
2021,07036AO001,Institut Municipal Comunicació,37538.79,28163.42,18870.10,12.75,46844.86,11610.62,,35234.24
2021,07037AA000,Mercadal (Es),8023975.01,3209842.46,2265319.21,-217885.58,8750612.68,1615557.70,133405.28,7001649.70
2021,07040AA000,Palma,132678516.27,137848441.95,93849114.27,-6811430.90,169866413.05,49437192.98,50511836.55,69917383.52
2021,07040AV001,Inst. M. l'Esport,289429.92,1882831.35,1584870.67,-315.84,587074.76,16516.87,556088.94,14468.95
2021,07040AV006,Instituto Municipal Innovación  (IMI),119280.34,146585.45,262015.29,,3850.50,3059.60,,790.90
2021,07040AV004,P. M. l'Habitatge,68755.46,414690.05,424086.15,,59359.36,37271.14,,22088.22
2021,07040AV002,P. M. d'Escoles d'Infants,1073165.84,339280.55,1407118.69,4961.00,10288.70,,,10288.70
2021,07041AA000,Petra,141812.25,2482769.18,640294.86,5786036.20,7770322.77,951585.84,545669.94,6273066.99
2021,07041AO001,F. Escuela Municipal de Música de Petra,13267.72,149.85,5525.67,290.09,8181.99,,,8181.99
2021,07041AO002,Fundación Teatro y Acción Socio-Cultural de Petra,3847.20,8401.26,3314.47,,8933.99,,,8933.99
2021,07048AA000,Sant Josep de sa Talaia,31110874.54,37229016.67,6626058.29,-1799864.59,59913968.33,21429572.81,320000.00,38164395.52
2021,07050AA000,Sant Joan de Labritja,17768860.56,5442935.49,2636405.21,-151409.96,20423980.88,3047967.96,738221.65,16637791.27
2021,07055AA000,Santa Margalida,22972331.10,5507622.28,941262.37,-345294.13,27193396.88,3260226.33,972763.03,22960407.52
2021,07061AA000,Sóller,14401910.89,10807143.62,1966880.42,-114396.89,23127777.20,4633192.81,2774584.60,15719999.79
2021,07063AA000,Valldemossa,4215911.00,857511.71,230789.29,-258418.95,4584214.47,257968.40,751735.36,3574510.71
2021,07064AA000,Castell (Es),5727134.38,3951919.48,946908.76,56392.76,8788537.86,1456158.73,1015677.99,6316701.14
2021,07003AA000,Alcúdia,99346495.14,11096500.66,5654616.44,-1337488.87,103450890.49,5828075.00,200857.12,97421958.37
2021,07039AA000,Muro,4695423.56,3189766.31,653399.12,-704864.75,6526926.00,1197981.07,150715.80,5178229.13
2021,07049AA000,Sant Joan,3032712.39,1399765.46,562013.10,-10222.13,3860242.62,652535.52,1070340.15,2137366.95
2021,07059AA000,Salines (Ses),4876681.89,3088590.52,1324730.26,-534789.31,6105752.84,1414402.05,1456493.28,3234857.51
2021,07011AO001,"Inst. M. de Educación y Bibliotecas, IMEB -Calvià",2242563.92,148163.26,590084.05,29981.93,1830625.06,96731.21,755000.00,978893.85
2021,07011AA000,Calvià,50072915.54,55721567.86,17501539.43,-1174552.53,87118391.44,35084007.93,23234980.03,28799403.48
2021,07033AV003,P. M. d'Esports,209836.44,1966314.10,23917.67,,2152232.87,636291.78,807333.34,708607.75
2021,07033AO002,Institució Pública Antoni M. Alcover,111884.59,340586.78,4862.92,,447608.45,286500.00,,161108.45
2021,07901AA000,Ariany,1980623.61,352894.03,69257.68,6377.98,2270637.94,35120.19,702530.10,1532987.65
2021,07011AO002,Oficina Municipal de Tributos de Calvià,717028.94,20562.83,221807.70,4636.76,520420.83,,,520420.83
2021,07008AA000,Binissalem,2698133.32,1956703.31,2835219.95,-369507.36,1450109.32,463114.13,,986995.19
2021,07027AA000,Inca,11270273.66,12318352.97,3080546.59,-245.46,20507834.58,7002813.88,1942158.00,11562862.70
2021,07022AA000,Felanitx,9864888.14,4230800.99,1100033.40,,12995655.73,1207812.41,722079.79,11065763.53
2021,07022AV001,Ctro. Cultural,94953.76,231500.00,3301.90,,323151.86,,,323151.86
2021,07024AA000,Formentera,7210607.97,11419396.43,3568498.99,600437.13,15661942.54,2375737.43,,13286205.11
2021,07038AA000,Montuïri,2901002.66,2269139.29,452863.22,197170.97,4914449.70,619989.86,,4294459.84
2021,07053AA000,Santa Eugènia,593986.51,786330.21,90961.92,76483.09,1365837.89,451648.00,518531.25,395658.64
2021,07065AA000,Vilafranca de Bonany,455182.71,1074398.87,155683.24,330390.93,1704289.27,453711.66,215449.08,1035128.53
2021,07010AA000,Bunyola,3025648.14,7270800.10,444905.13,-1104273.62,8747269.49,4081818.19,261995.87,4403455.43
2021,07001AA000,Alaró,2167325.58,1628183.86,452959.64,-250699.06,3091850.74,521560.24,949933.58,1620356.92
2021,07015AA000,Ciutadella de Menorca,17329624.87,15935716.75,5413330.56,-522002.26,27330008.80,7381107.74,2960347.08,16988553.98
2021,07015AV002,Hospital Municipal,384973.71,1427276.38,190976.54,79211.12,1700484.67,,,1700484.67
2021,07015AV003,P. Esc. Infantiles,319142.61,865352.17,727476.54,,457018.24,2150.58,,454867.66
2021,07023AA000,Ferreries,4064967.60,2622200.83,1312071.64,-298361.38,5076735.41,1401432.16,229045.52,3446257.73
2021,07042AA000,Pollença,15887978.15,27553480.14,2922768.81,-1089540.72,39429148.76,3416197.65,413226.23,35599724.88
2021,07043AA000,Porreres,3406874.04,1014178.83,508813.65,-334785.20,3577454.02,342447.02,933814.90,2301192.10
2021,07052AA000,Sant Lluís,7661893.13,5098756.10,1903370.36,-428376.90,10428901.97,1107440.20,679047.01,8642414.76
2021,07054AA000,Santa Eulària des Riu,29332105.41,12722040.80,11026980.64,-3958708.41,27068457.16,1624609.17,3511080.79,21932767.20
2021,07056AA000,Santa María del Camí,3656920.27,3888715.11,814303.23,-538579.59,6192752.56,1684770.63,1697085.58,2810896.35
2021,07056AV001,P. Res. Pers. Majors. Cas Metge Rei,57158.63,172573.83,63451.05,1453.07,167734.48,23375.14,,144359.34
2021,07001DD000,Consejo Insular de Ibiza,80900860.56,17601995.84,8394395.77,-1110642.70,88997817.93,9703895.86,5200621.08,74093300.99
2021,07002DD000,Consejo Insular de Mallorca,177711416.38,52011691.74,87892486.10,36930.54,141867552.56,10974996.99,88721701.89,42170853.68
2021,07002DV001,Inst. l'Esport Hipic,541451.48,1130371.91,266034.06,-26672.64,1379116.69,146659.45,1151189.28,81267.96
2021,07002DV003,Inst.  Mallorquí d'Afers Socials,11630245.76,36467154.15,11647425.10,73237.69,36523212.50,712142.70,13249107.06,22561962.74
2021,07003DD000,Consejo Insular de Menorca,37841337.94,9551457.82,7093796.92,-666581.81,39632417.03,827131.25,8923783.92,29881501.86
2021,07003DV002,Consell Economic i Social,2.36,,,,2.36,,,2.36
2021,07010AE001,Palmanyola,356094.16,42375.59,21939.15,,376530.60,12362.33,126680.40,237487.87
2021,07002MM000,Mc. Pla de Mallorca,7926821.36,3697107.16,875054.11,,10748874.41,1256197.58,,9492676.83
2021,07003MM000,Mc. Migjorn de Mallorca,4527711.11,351843.58,147039.67,12370.70,4744885.72,18840.29,,4726045.43
2021,07006AA000,Artà,7010461.56,4111518.62,1178641.87,-69889.44,9873448.87,1452080.06,,8421368.81
2021,07013AA000,Campos,12680230.08,3947704.45,1107366.89,-141157.70,15379409.94,941141.82,543398.97,13894869.15
2021,07014AO001,F. Castell de Capdepera,261897.14,65181.46,20018.47,1642.01,308702.14,5000.00,,303702.14
2021,07028AA000,Lloret de Vistalegre,912071.02,921581.67,106583.48,,1727069.21,6819.26,1023696.35,696553.60
2021,07040AV009,Inst. M. Form. Ocupacional i Feina,216601.75,2444651.93,407792.37,-78.26,2253383.05,2084.82,2241555.18,9743.05
2021,07062AA000,Son Servera,5821934.14,5196637.99,1430909.03,-307160.12,9280502.98,1442318.48,973409.37,6864775.13
2021,07033AA000,Manacor,43138834.51,20081605.26,6589902.57,-54926.52,56575610.68,9918350.26,5097540.12,41559720.30
2021,07033AO001,Institut Públic del Teatre Municipal,184359.88,528049.41,101304.11,,611105.18,204423.60,,406681.58
2021,07033AV002,P. l'Escola M. de Mallorqui,30879.42,402202.12,12836.56,,420244.98,230452.12,,189792.86
2021,07044AA000,Pobla (Sa),2360430.15,3730604.12,1714296.64,-406427.43,3970310.20,1970715.32,416826.46,1582768.42
2021,07057AA000,Santanyí,21526841.98,6635839.69,1960558.15,,26202123.52,3922060.19,40369.95,22239693.38
2021,07902AA000,Migjorn Gran (Es),3693901.11,1796586.35,443766.24,-43000.90,5003720.32,763399.91,704036.37,3536284.04
2021,07002DO001,Agència  Protecció Legalitat Urbanística i Territorial de Mallorca,412186.58,33010337.62,1495080.24,4725.77,31932169.73,31517778.35,,414391.38
2021,07025AA000,Fornalutx,1725386.08,485060.57,169166.04,-6153.49,2035127.12,39765.79,657087.06,1338274.27
2021,07029AA000,Lloseta,1960761.80,1799695.38,294872.10,-263722.22,3201862.86,716099.76,962065.81,1523697.29
2021,07035AA000,Maria de la Salut,1680069.29,757126.09,55021.09,-105858.87,2276315.42,154719.65,895587.11,1226008.66
2021,07051AA000,Sant Llorenç des Cardassar,20429339.96,13764419.03,4041117.51,-9561753.37,20590888.11,906658.10,3999496.26,15684733.75
2021,07001DV003,P. Esc. Turismo,155042.22,213305.06,34368.91,-481.05,333497.32,12985.38,,320511.94
2021,07003DV001,Inst. Menorquín de Estudios,239937.79,168435.99,173706.23,,234667.55,5250.58,,229416.97
2022,07004AA000,Algaida,4257297.62,1341282.70,364814.25,-4596.84,5229169.23,436308.23,120202.06,4672658.94
2022,07006AA000,Artà,8612935.34,4433086.17,1252254.40,-68231.42,11725535.69,1272134.41,157136.31,10296264.97
2022,07008AA000,Binissalem,3153419.29,1880508.94,1053933.40,-299329.39,3680665.44,613624.25,,3067041.19
2022,07010AA000,Bunyola,3712443.27,7449650.12,387606.82,-1292476.23,9482010.34,4616488.14,51567.31,4813954.89
2022,07013AA000,Campos,12220330.32,5069556.97,1529207.46,,15760679.83,960022.03,798863.05,14001794.75
2022,07014AA000,Capdepera,4644942.44,13751429.96,1411355.03,-2961213.96,14023803.41,5938881.12,945483.67,7139438.62
2022,07016AA000,Consell,1688810.85,1914285.81,204038.63,-110.00,3398948.03,383737.38,621632.10,2393578.55
2022,07019AA000,Escorca,116027.26,216294.22,53780.72,-2348.13,276192.63,138084.66,-143192.76,281300.73
2022,07020AA000,Esporles,1905313.39,3542752.31,977581.72,-2305293.25,2165190.73,349234.19,717655.13,1098301.41
2022,07021AA000,Estellencs,1155252.96,1090357.29,121534.88,302490.65,2426566.02,666755.58,750770.05,1009040.39
2022,07022AV001,Ctro. Cultural,123991.88,201200.00,770.70,,324421.18,,,324421.18
2022,07025AA000,Fornalutx,1574986.11,1046105.19,144241.20,-8714.94,2468135.16,85086.51,974716.20,1408332.45
2022,07026AA000,Eivissa,59031973.47,26981819.98,5324276.45,38966.35,80728483.35,11503704.56,17611650.36,51613128.43
2022,07026AV001,P. M. Deportes,35253.53,312023.89,96125.40,,251152.02,,,251152.02
2022,07026AV003,Museo de Arte Contemporáneo,301.98,155003.79,6992.26,,148313.51,,,148313.51
2022,07027AA000,Inca,10468397.21,12023243.61,3155206.03,-245.46,19336189.33,7080534.89,1911092.81,10344561.63
2022,07028AA000,Lloret de Vistalegre,207353.08,1082604.77,26588.89,,1263368.96,5047.85,679387.22,578933.89
2022,07029AA000,Lloseta,1764762.34,2016275.88,268289.95,-571835.52,2940912.75,834731.44,447615.36,1658565.95
2022,07036AA000,Marratxí,42814484.86,11404887.40,5044446.34,-30788.12,49144137.80,4023405.32,3068913.75,42051818.73
2022,07037AA000,Mercadal (Es),10104301.69,4104191.68,2793250.71,-613786.55,10801456.11,1746668.67,84976.12,8969811.32
2022,07041AA000,Petra,109759.38,2646509.39,475906.98,105731.65,2386093.44,1165062.69,294016.46,927014.29
2022,07050AA000,Sant Joan de Labritja,20010822.75,7741271.30,3290041.33,-170077.36,24291975.36,3345343.07,1191768.34,19754863.95
2022,07053AA000,Santa Eugènia,562559.08,734318.09,88709.77,101859.82,1310027.22,431275.34,215747.48,663004.40
2022,07055AA000,Santa Margalida,24479714.56,6457536.84,1788321.16,-115294.13,29033636.11,3842214.47,586427.56,24604994.08
2022,07061AA000,Sóller,16778769.29,10742702.66,1712114.45,-45256.49,25764101.01,2772992.80,3896601.62,19094506.59
2022,07063AA000,Valldemossa,3909314.27,1178374.99,229709.47,47591.11,4905570.90,284771.70,307634.69,4313164.51
2022,07064AA000,Castell (Es),3873016.83,4526334.25,839117.88,-249699.64,7310533.56,1559915.30,1718719.69,4031898.57
2022,07065AA000,Vilafranca de Bonany,910842.39,1447440.26,360682.63,-743166.54,1254433.48,477767.22,201454.61,575211.65
2022,07036AO001,Institut Municipal Comunicació,43906.22,11610.62,28897.96,12.75,26631.63,11610.62,,15021.01
2022,07014AO001,F. Castell de Capdepera,318434.68,65181.46,9005.98,927.71,375537.87,10000.00,,365537.87
2022,07041AO002,Fundación Teatro y Acción Socio-Cultural de Petra,808.89,9558.97,1671.43,3777.81,12474.24,7.53,,12466.71
2022,07005AA000,Andratx,35607042.37,28921980.84,3003745.84,-11121768.33,50403509.04,12382014.59,135428.56,37886065.89
2022,07040AA000,Palma,150538498.93,141463644.16,91124987.88,-720601.04,200156554.17,46482273.34,89141935.99,64532344.84
2022,07040AV001,Inst. M. l'Esport,395460.14,2179578.34,2273143.85,,301894.63,16516.87,261312.45,24065.31
2022,07040AV004,P. M. l'Habitatge,100418.30,376108.24,387321.30,-1395.55,87809.69,84320.98,,3488.71
2022,07040AV006,Instituto Municipal Innovación  (IMI),196732.22,175374.61,368209.02,,3897.81,3059.60,,838.21
2022,07040AV009,Inst. M. Form. Ocupacional i Feina,215753.90,2584690.94,608390.28,,2192054.56,2084.82,2187850.90,2118.84
2022,07062AA000,Son Servera,5167570.83,5557433.50,1070521.89,-180089.81,9474392.63,1547350.94,1053329.45,6873712.24
2022,07003AA000,Alcúdia,109438229.29,13428612.93,5340681.45,-958073.17,116568087.60,5837641.06,200857.12,110529589.42
2022,07039AA000,Muro,3634098.55,3346076.49,603389.72,-360303.35,6016481.97,1490121.49,663845.96,3862514.52
2022,07059AA000,Salines (Ses),5004100.85,3593661.22,1416328.20,-426473.42,6754960.45,845710.65,1406179.01,4503070.79
2022,07011AO001,"Inst. M. de Educación y Bibliotecas, IMEB -Calvià",808619.82,760189.24,975797.04,29158.76,622170.78,138532.66,259108.99,224529.13
2022,07011AA000,Calvià,37016735.08,55780614.31,18031097.94,-511248.27,74255003.18,38418531.10,15262468.54,20574003.54
2022,07033AV002,P. l'Escola M. de Mallorqui,48616.02,392973.15,9399.68,,432189.49,198233.72,,233955.77
2022,07033AO002,Institució Pública Antoni M. Alcover,70284.14,384257.30,3705.54,,450835.90,297417.63,,153418.27
2022,07044AA000,Pobla (Sa),1786642.56,4363470.51,1765715.92,-365092.17,4019304.98,2063716.11,80049.25,1875539.62
2022,07901AA000,Ariany,1985388.53,949923.67,73665.49,-30069.53,2831577.18,28550.66,711307.34,2091719.18
2022,07011AO002,Oficina Municipal de Tributos de Calvià,780778.78,10942.83,231965.93,,559755.68,,,559755.68
2022,07001AA000,Alaró,1152141.32,1551213.08,504455.16,-26540.12,2172359.12,541876.59,613062.26,1017420.27
2022,07015AV002,Hospital Municipal,322313.93,1340829.56,149000.77,351.89,1514494.61,,,1514494.61
2022,07015AV003,P. Esc. Infantiles,281066.53,1022285.29,733056.73,,570295.09,5651.88,,564643.21
2022,07023AA000,Ferreries,4168521.41,3469282.67,1514313.68,-166322.25,5957168.15,1513262.89,695330.28,3748574.98
2022,07042AA000,Pollença,11973205.19,30783367.82,1448888.98,-435345.52,40872338.51,3308695.17,,37563643.34
2022,07051AA000,Sant Llorenç des Cardassar,19362398.69,14724062.67,3816105.26,-10647353.68,19623002.42,2321192.59,3448082.58,13853727.25
2022,07052AA000,Sant Lluís,8308939.49,4149680.57,1882202.27,-142855.88,10433561.91,1469801.19,789483.45,8174277.27
2022,07054AA000,Santa Eulària des Riu,34536129.79,16133439.31,14225930.55,-4789556.36,31654082.19,2788319.85,2479924.31,26385838.03
2022,07056AA000,Santa María del Camí,1677657.52,3965458.52,942329.10,-458294.81,4242492.13,1773766.52,1231831.64,1236893.97
2022,07056AV001,P. Res. Pers. Majors. Cas Metge Rei,63368.85,130523.52,54347.64,1453.07,140997.80,28842.14,,112155.66
2022,07001DD000,Consejo Insular de Ibiza,90776368.71,21537908.02,11914131.45,-1087897.65,99312247.63,10399166.22,5738730.75,83174350.66
2022,07001DV003,P. Esc. Turismo,436158.65,13305.06,23832.58,-481.05,425150.08,12985.38,,412164.70
2022,07002DV001,Inst. l'Esport Hipic,913108.42,2416255.55,242751.95,9931.87,3096543.89,109377.14,2654551.58,332615.17
2022,07002DV003,Inst.  Mallorquí d'Afers Socials,16746113.76,43390717.60,29129794.20,-134242.54,30872794.62,256993.04,16528675.82,14087125.76
2022,07003DD000,Consejo Insular de Menorca,51002543.30,11905949.33,10355948.54,-19557.30,52532986.79,1184957.26,18946418.13,32401611.40
2022,07003DV001,Inst. Menorquín de Estudios,185971.46,156762.84,178906.19,-4.00,163824.11,5250.58,20312.84,138260.69
2022,07010AE001,Palmanyola,325544.72,272359.37,22608.77,,575295.32,16268.47,285691.65,273335.20
2022,07002MM000,Mc. Pla de Mallorca,13865477.04,3340902.70,123678.06,10111.87,17092813.55,2253681.66,2994037.00,11845094.89
2022,07003MM000,Mc. Migjorn de Mallorca,4782109.36,412953.78,184213.22,,5010849.92,20362.72,26467.29,4964019.91
2022,07017AA000,Costitx,463149.75,1481442.92,84128.44,-2266.27,1858197.96,274730.34,,1583467.62
2022,07032AA000,Maó,17817129.55,15148871.23,9090283.15,-1793869.88,22081847.75,9609650.29,1532193.92,10940003.54
2022,07034AA000,Mancor de la Vall,1084519.62,1645693.91,300956.66,-59819.14,2369437.73,408170.56,1003985.11,957282.06
2022,07035AA000,Maria de la Salut,1748340.14,1762969.58,82105.26,42203.28,3471407.74,242971.56,1919326.68,1309109.50
2022,07038AA000,Montuïri,3314129.67,1196353.19,560933.96,-524407.34,3425141.56,532867.11,953790.07,1938484.38
2022,07048AA000,Sant Josep de sa Talaia,33948625.61,39026461.58,7454733.22,-2359684.08,63160669.89,22926141.84,2992348.03,37242180.02
2022,07033AO001,Institut Públic del Teatre Municipal,259084.07,348981.27,128472.65,,479592.69,12500.00,,467092.69
2022,07033AV003,P. M. d'Esports,440594.72,1524096.77,84617.79,,1880073.70,523589.23,505169.40,851315.07
2022,07015AA000,Ciutadella de Menorca,20003551.98,13465178.71,4879351.86,-520603.95,28068774.88,6632871.68,621473.90,20814429.30
2022,07043AA000,Porreres,3322255.94,1348991.69,533272.92,-52195.56,4085779.15,336606.20,792403.31,2956769.64
2022,07057AA000,Santanyí,20319209.01,7417085.03,1975608.14,,25760685.90,3931656.12,40369.95,21788659.83
2022,07002DD000,Consejo Insular de Mallorca,242881519.95,34000375.12,116984677.91,-230125.15,159667092.01,2623196.85,77115451.67,79928443.49
2022,07007AA000,Banyalbufar,1050561.34,2697159.07,485741.42,-313224.99,2948754.00,948574.29,229870.41,1770309.30
2022,07022AA000,Felanitx,4409881.34,4331279.86,1001094.45,,7740066.75,1338428.23,75074.43,6326564.09
2022,07026AV002,P. M. Música,60434.21,63343.39,19890.77,,103886.83,,,103886.83
2022,07041AO001,F. Escuela Municipal de Música de Petra,11529.40,225.60,935.34,2468.09,13287.75,,,13287.75
2022,07040AV002,P. M. d'Escoles d'Infants,157778.32,1512369.54,1655396.92,,14750.94,,,14750.94
2022,07033AA000,Manacor,36590228.46,19292205.32,6641721.57,-42148.52,49198563.69,9805829.46,7026082.87,32366651.36
2022,07002DO001,Agència  Protecció Legalitat Urbanística i Territorial de Mallorca,914430.62,32959128.04,1646605.04,6698.25,32233651.87,31137776.90,,1095874.97
2022,07003DV002,Consell Economic i Social,2.36,,,,2.36,,,2.36
2023,07010AA000,Bunyola,3918944.47,8181923.92,1202730.78,-1899666.96,8998470.65,4970510.60,423053.36,3604906.69
2023,07014AA000,Capdepera,15934933.09,13950438.28,3329486.33,-1170803.85,25385081.19,6689690.53,7050920.50,11644470.16
2023,07014AO001,F. Castell de Capdepera,467915.31,65181.46,19208.57,927.71,514815.91,,,514815.91
2023,07016AA000,Consell,3231119.15,1111604.99,306067.89,-102799.91,3933856.34,394933.77,1341874.26,2197048.31
2023,07019AA000,Escorca,244591.05,227504.38,70770.23,22941.85,424267.05,105834.72,644323.63,-325891.30
2023,07026AA000,Eivissa,58029920.64,30566185.21,5543256.79,29305.83,83082154.89,9666831.04,22870434.29,50544889.56
2023,07026AV001,P. M. Deportes,69372.26,275700.86,60948.05,,284125.07,,33193.59,250931.48
2023,07026AV003,Museo de Arte Contemporáneo,75566.35,107548.15,12721.00,,170393.50,,22346.26,148047.24
2023,07026AV002,P. M. Música,108805.88,46435.12,28650.91,,126590.09,,22346.26,104243.83
2023,07030AA000,Llubí,838762.62,1414299.07,560439.63,200683.52,1893305.58,549765.74,804344.63,539195.21
2023,07031AA000,Llucmajor,42883631.06,19994453.58,4417081.50,-1013617.67,57447385.47,10952832.74,1745893.99,44748658.74
2023,07031AV001,P. Res. Personas Mayores,1031602.98,73790.96,52823.72,359.46,1052929.68,31963.17,,1020966.51
2023,07032AA000,Maó,12384165.22,14627551.09,6766214.68,-1729560.01,18515941.62,9183897.94,586641.75,8745401.93
2023,07034AA000,Mancor de la Vall,384227.31,920416.32,270818.45,-61730.27,972094.91,430748.99,357075.15,184270.77
2023,07036AA000,Marratxí,42809002.68,11632827.74,4651132.94,-29012.10,49761685.38,3727162.88,3051153.70,42983368.80
2023,07036AO001,Institut Municipal Comunicació,97019.94,11610.62,12384.20,12.75,96259.11,11610.62,,84648.49
2023,07037AA000,Mercadal (Es),12492849.94,3390562.14,2718367.54,-796221.91,12368822.63,1833974.57,75454.78,10459393.28
2023,07041AA000,Petra,345441.10,2489748.54,231035.30,43069.98,2647224.32,1281824.44,803552.27,561847.61
2023,07041AO001,F. Escuela Municipal de Música de Petra,16700.32,225.60,1517.91,4916.09,20324.10,,,20324.10
2023,07041AO002,Fundación Teatro y Acción Socio-Cultural de Petra,41892.69,26912.76,4716.87,3777.81,67866.39,140.27,,67726.12
2023,07048AA000,Sant Josep de sa Talaia,33431381.41,36880739.10,10189708.87,-2830824.53,57291587.11,21332228.79,3826187.97,32133170.35
2023,07050AA000,Sant Joan de Labritja,20767189.78,8848134.06,3844613.85,-114116.03,25656593.96,3905326.64,4163408.79,17587858.53
2023,07055AA000,Santa Margalida,30985872.41,6254474.57,1589625.41,-194886.49,35455835.08,4165667.34,4374593.48,26915574.26
2023,07061AA000,Sóller,20047575.45,7980814.25,1561813.57,-24018.63,26442557.50,2860988.90,4190818.31,19390750.29
2023,07063AA000,Valldemossa,3749537.02,1269002.89,185544.45,1257937.92,6090933.38,341470.57,884686.63,4864776.18
2023,07064AA000,Castell (Es),3053482.41,4345023.68,601975.62,103109.78,6899640.25,1645411.52,798056.11,4456172.62
2023,07005AA000,Andratx,35251284.53,29255223.38,2296316.52,-11287876.62,50922314.77,10661797.48,4152730.03,36107787.26
2023,07040AA000,Palma,95517167.94,128088707.62,58217519.36,-1085284.04,164303072.16,47465458.38,75441047.71,41396566.07
2023,07040AV001,Inst. M. l'Esport,1839861.55,1663223.42,3487572.58,,15512.39,14954.21,,558.18
2023,07040AV002,P. M. d'Escoles d'Infants,1582526.54,66328.10,1111598.91,-19.53,537236.20,3152.57,489155.85,44927.78
2023,07040AV004,P. M. l'Habitatge,141178.95,391847.74,425763.66,,107263.03,103370.68,,3892.35
2023,07040AV006,Instituto Municipal Innovación  (IMI),88749.11,84657.37,169400.74,,4005.74,3059.60,,946.14
2023,07003AA000,Alcúdia,120747758.58,12008088.36,7680235.75,-679677.29,124395933.90,5252947.37,7476.17,119135510.36
2023,07039AA000,Muro,4631296.08,3549979.92,941662.81,-3913863.72,3325749.47,1809500.20,40918.02,1475331.25
2023,07059AA000,Salines (Ses),4092749.55,3966077.12,1495850.56,-522521.11,6040455.00,1020544.21,1919111.30,3100799.49
2023,07011AA000,Calvià,30788981.00,49270012.59,11419764.88,-837714.82,67801513.89,38418531.10,19517953.73,9865029.06
2023,07033AA000,Manacor,39001977.84,15113207.57,6123394.85,-33417.02,47958373.54,6783802.87,6679571.90,34494998.77
2023,07033AV003,P. M. d'Esports,510718.38,1294061.74,24253.14,,1780526.98,190095.81,,1590431.17
2023,07033AO002,Institució Pública Antoni M. Alcover,88557.06,357919.04,406.15,,446069.95,12854.76,,433215.19
2023,07901AA000,Ariany,2232484.24,321909.80,34856.22,-53296.88,2466240.94,23866.06,480000.00,1962374.88
2023,07008AA000,Binissalem,3544170.11,1952428.02,408053.56,-274474.27,4814070.30,771759.79,482435.41,3559875.10
2023,07027AA000,Inca,12288893.59,11665771.32,3413178.52,-245.46,20541240.93,6605325.95,4055462.30,9880452.68
2023,07007AA000,Banyalbufar,1552610.54,2710577.95,962341.33,-276702.69,3024144.47,1018505.33,220159.43,1785479.71
2023,07022AA000,Felanitx,4855645.61,4699978.25,1149161.73,,8406462.13,1491466.24,2500000.00,4414995.89
2023,07022AV001,Ctro. Cultural,26074.26,302399.90,3204.25,,325269.91,,,325269.91
2023,07038AA000,Montuïri,782880.33,1146854.18,601434.64,-313007.46,1015292.41,501684.70,735576.52,-221968.81
2023,07053AA000,Santa Eugènia,2449158.13,771822.46,303941.65,293564.20,3210603.14,429008.67,2239451.27,542143.20
2023,07065AA000,Vilafranca de Bonany,719686.39,1373978.99,337896.81,158221.57,1913990.14,616264.53,1136257.97,161467.64
2023,07001AA000,Alaró,2004609.50,1572438.46,1100536.66,-75103.38,2401407.92,719260.18,1508077.35,174070.39
2023,07015AA000,Ciutadella de Menorca,24231531.05,13593960.18,5718579.74,-741433.34,31365478.15,6792110.06,2702670.05,21870698.04
2023,07015AV003,P. Esc. Infantiles,671544.32,927545.49,723570.90,-231000.00,644518.91,9897.41,,634621.50
2023,07023AA000,Ferreries,3985770.12,3830680.69,1635678.38,-350888.09,5829884.34,1726689.19,649138.86,3454056.29
2023,07042AA000,Pollença,15575000.28,30019131.58,2297793.75,-2692889.32,40603448.79,3347051.68,465125.16,36791271.95
2023,07043AA000,Porreres,3259735.49,1341865.63,645238.90,-219311.75,3737050.47,337701.63,456931.79,2942417.05
2023,07052AA000,Sant Lluís,7623453.86,4894914.48,2038650.01,-136114.18,10343604.15,1471903.71,906823.48,7964876.96
2023,07054AA000,Santa Eulària des Riu,42687070.37,20088149.24,16635931.58,-5294319.44,40844968.59,2932574.18,10968031.82,26944362.59
2023,07056AA000,Santa María del Camí,544986.57,3594529.90,884346.15,-776355.01,2478815.31,1895551.03,1343928.80,-760664.52
2023,07056AV001,P. Res. Pers. Majors. Cas Metge Rei,29944.45,132887.66,87288.06,22037.68,97581.73,34995.15,,62586.58
2023,07001DD000,Consejo Insular de Ibiza,90566958.71,8780086.94,25183179.49,-3403982.44,70759883.72,15435.12,3437713.01,67306735.59
2023,07002DD000,Consejo Insular de Mallorca,264262917.13,53594107.80,126598509.04,-2398715.08,188859800.81,4545936.42,96199348.73,88114515.66
2023,07002DV001,Inst. l'Esport Hipic,943819.64,2158759.33,382099.23,9782.89,2730262.63,112098.71,2114445.84,503718.08
2023,07002DV003,Inst.  Mallorquí d'Afers Socials,4787726.69,49085214.00,21864515.50,19761.69,32028186.88,567375.38,22623684.59,8837126.91
2023,07003DD000,Consejo Insular de Menorca,68009076.16,20517191.88,15054437.56,-252765.94,73219064.54,1171668.01,25705592.44,46341804.09
2023,07003DV002,Consell Economic i Social,2.36,,,,2.36,,,2.36
2023,07010AE001,Palmanyola,354944.56,34746.54,21151.78,,368539.32,16483.10,9448.76,342607.46
2023,07002MM000,Mc. Pla de Mallorca,13976351.86,4053650.13,1185471.03,6082.42,16850613.38,2641856.77,1781178.29,12427578.32
2023,07003MM000,Mc. Migjorn de Mallorca,4635604.42,442750.15,135151.24,,4943203.33,26974.22,,4916229.11
2023,07004AA000,Algaida,3939997.01,734604.48,549668.35,-194639.16,3930293.98,251582.85,230739.39,3447971.74
2023,07006AA000,Artà,8567344.90,4272221.34,1393319.11,-276537.07,11169710.06,1378499.00,499516.70,9291694.36
2023,07013AA000,Campos,12375077.65,5167964.68,2158084.47,,15384957.86,1159019.33,431916.11,13794022.42
2023,07028AA000,Lloret de Vistalegre,1016073.73,379082.33,27575.49,,1367580.57,,698394.17,669186.40
2023,07031AV002,P. Molí d'En Gaspar,,10,10,,,,,
2023,07040AV009,Inst. M. Form. Ocupacional i Feina,441688.09,1252174.10,727972.06,,965890.13,2106.69,858514.82,105268.62
2023,07062AA000,Son Servera,8008365.05,4332186.32,878847.33,-191348.55,11270355.49,1518865.56,3959537.50,5791952.43
2023,07002AA000,Alaior,10352257.18,5049462.70,1173013.70,121378.52,14350084.70,3662539.73,1310566.35,9376978.62
2023,07033AO001,Institut Públic del Teatre Municipal,288612.63,62120.41,100588.37,,250144.67,12500.00,,237644.67
2023,07033AV002,P. l'Escola M. de Mallorqui,130537.31,338141.30,12494.74,,456183.87,6600.25,,449583.62
2023,07044AA000,Pobla (Sa),1353354.44,3946827.29,1512587.30,-457394.82,3330199.61,2208725.68,633706.43,487767.50
2023,07011AO002,Oficina Municipal de Tributos de Calvià,794870.10,13733.83,291121.61,,517482.32,,,517482.32
2023,07017AA000,Costitx,48048.71,1903126.54,81130.11,24637.75,1894682.89,444919.22,285667.09,1164096.58
2023,07015AV002,Hospital Municipal,396864.35,1104571.61,106945.36,-28285.40,1366205.20,10940.03,,1355265.17
2023,07057AA000,Santanyí,22036988.31,7469844.67,3197803.56,,26309029.42,4357983.92,2237326.85,19713718.65
2023,07002DO001,Agència  Protecció Legalitat Urbanística i Territorial de Mallorca,1500996.43,31417252.74,224111.41,-606475.84,32087661.92,29803141.71,,2284520.21
2023,07003DV001,Inst. Menorquín de Estudios,558525.51,117824.69,299735.32,,376614.88,5250.58,12625.83,358738.47
2023,07029AA000,Lloseta,1624701.20,2279007.04,263090.64,-722106.01,2918511.59,971139.83,533691.02,1413680.74
2023,07011AO001,"Inst. M. de Educación y Bibliotecas, IMEB -Calvià",1090689.38,561551.55,1343012.75,29158.76,338386.94,138532.66,,199854.28
2023,07051AA000,Sant Llorenç des Cardassar,17779212.84,14600798.31,2630824.43,-10988973.52,18760213.20,1220100.21,6617629.61,10922483.38
2023,07001DV003,P. Esc. Turismo,507776.94,13305.06,24526.01,-481.05,496074.94,12985.38,,483089.56
2023,07020AA000,Esporles,1087736.92,3440514.72,624107.25,-2138417.15,1765727.24,389407.80,518382.88,857936.56
2024,07009AA000,Búger,2433727.03,360074.18,75191.50,-884682.76,1833926.95,48531.62,52050.67,1733344.66
2024,07010AA000,Bunyola,3319555.70,8746870.11,476663.98,-2461129.59,9128632.24,5305065.88,1029829.48,2793736.88
2024,07012AA000,Campanet,1676789.23,2845489.64,756278.84,-3.72,3765996.31,814607.98,1938908.97,1012479.36
2024,07013AA000,Campos,13927825.64,7678784.50,1957127.81,,19649482.33,1267884.69,1392626.36,16988971.28
2024,07014AO001,F. Castell de Capdepera,637728.00,66981.46,16327.38,949.42,689331.50,,,689331.50
2024,07019AA000,Escorca,1004604.77,145020.21,99483.01,214321.34,1264463.31,4024.80,1353921.34,-93482.83
2024,07020AA000,Esporles,2476712.59,3653363.88,1445637.25,-2238810.83,2445628.39,302140.48,536989.68,1606498.23
2024,07026AV003,Museo de Arte Contemporáneo,18634.47,170025.52,18266.49,,170393.50,,4147.68,166245.82
2024,07026AV002,P. M. Música,57198.27,89595.42,20203.60,,126590.09,,,126590.09
2024,07028AA000,Lloret de Vistalegre,1891713.78,1484720.21,132744.05,,3243689.94,71851.47,2321561.76,850276.71
2024,07029AA000,Lloseta,1453676.56,2654839.90,254277.83,-752390.13,3101848.50,1127132.04,87519.20,1887197.26
2024,07031AA000,Llucmajor,44205408.60,20156405.97,3033883.48,-704293.56,60623637.53,12054802.39,1739432.75,46829402.39
2024,07031AV001,P. Res. Personas Mayores,827566.21,71902.83,34535.65,359.46,865292.85,40204.66,,825088.19
2024,07031AV002,P. Molí d'En Gaspar,,1,1,,,,,
2024,07032AA000,Maó,10778816.96,18519702.86,8311136.09,-1548619.04,19438764.69,10779621.94,690510.07,7968632.68
2024,07034AA000,Mancor de la Vall,923441.66,1054969.48,793000.91,-55845.59,1129564.64,452792.64,670211.99,6560.01
2024,07036AA000,Marratxí,42370329.44,10937113.85,4886017.00,-70107.53,48351318.76,3914766.80,3291632.90,41144919.06
2024,07036AO001,Institut Municipal Comunicació,114666.29,11610.62,10320.11,55.85,116012.65,11610.62,,104402.03
2024,07037AA000,Mercadal (Es),16049800.14,5335618.21,3749878.49,-1794018.66,15841521.20,1905244.07,599551.65,13336725.48
2024,07041AA000,Petra,1781814.29,3310002.85,171311.29,72046.07,4992551.92,1327932.94,3215277.16,449341.82
2024,07041AO001,F. Escuela Municipal de Música de Petra,16257.50,225.60,1678.14,4305.01,19109.97,,,19109.97
2024,07041AO002,Fundación Teatro y Acción Socio-Cultural de Petra,64701.79,3171.45,1461.60,25189.42,91601.06,147.80,,91453.26
2024,07046AA000,Sant Antoni de Portmany,43458786.78,11105156.64,7677685.52,-947446.92,45938810.98,2806385.56,4934429.03,38197996.39
2024,07048AA000,Sant Josep de sa Talaia,32823577.65,34739320.43,11127418.79,-3376400.51,53059078.78,23543014.61,4442243.49,25073820.68
2024,07055AA000,Santa Margalida,32003132.87,7775528.88,2068401.17,-308956.65,37401303.93,4615376.25,5770134.12,27015793.56
2024,07061AA000,Sóller,19225939.42,12819391.54,1606762.71,-53912.27,30384655.98,2565849.51,6555306.28,21263500.19
2024,07063AA000,Valldemossa,4308247.42,1323922.16,309541.59,545829.34,5868457.33,406468.15,964623.34,4497365.84
2024,07064AA000,Castell (Es),3282500.11,4712108.28,537332.73,125499.53,7582775.19,1848207.10,488302.89,5246265.20
2024,07005AA000,Andratx,29618138.03,29775290.15,2441509.87,-11088794.83,45863123.48,11246755.93,4166405.32,30449962.23
2024,07040AV001,Inst. M. l'Esport,863646.49,2135767.70,2978664.34,,20749.85,15089.21,,5660.64
2024,07040AV002,P. M. d'Escoles d'Infants,1402749.24,144621.87,971562.37,,575808.74,2152.08,562404.97,11251.69
2024,07040AV004,P. M. l'Habitatge,172993.14,658032.50,683295.85,,147729.79,113514.71,,34215.08
2024,07040AV006,Instituto Municipal Innovación  (IMI),179079.48,11151.25,172618.33,,17612.40,,,17612.40
2024,07040AV009,Inst. M. Form. Ocupacional i Feina,124262.99,884634.72,596620.43,,412277.28,963.29,408115.18,3198.81
2024,07062AA000,Son Servera,10154912.17,5552943.91,796016.21,-600709.61,14311130.26,1662822.47,4718961.35,7929346.44
2024,07003AA000,Alcúdia,129655734.79,10903339.11,11198751.74,-1303978.86,128056343.30,5320040.00,1965807.72,120770495.58
2024,07039AA000,Muro,6257236.56,4117655.02,1138440.76,-610855.23,8625595.59,2085373.06,5010293.10,1529929.43
2024,07011AO001,"Inst. M. de Educación y Bibliotecas, IMEB -Calvià",2152852.86,212885.71,1026412.87,29158.76,1368484.46,138532.66,,1229951.80
2024,07011AA000,Calvià,35433217.25,60323770.17,16262213.98,-1495621.95,77999151.49,38418531.10,27696902.84,11883717.55
2024,07033AA000,Manacor,46062828.30,16382910.13,4197071.73,-1235475.62,57013191.08,6915861.28,19656573.82,30440755.98
2024,07033AO001,Institut Públic del Teatre Municipal,200763.48,77776.46,57263.65,,221276.29,12500.00,,208776.29
2024,07033AV003,P. M. d'Esports,1703519.85,190110.84,27674.66,,1865956.03,190095.80,,1675860.23
2024,07044AA000,Pobla (Sa),5873788.41,4504175.39,973192.17,-440114.97,8964656.66,2247331.37,2921700.83,3795624.46
2024,07901AA000,Ariany,4233227.47,880359.74,84813.84,36156.80,5064930.17,20211.12,2965577.98,2079141.07
2024,07011AO002,Oficina Municipal de Tributos de Calvià,659067.85,324117.87,352840.53,,630345.19,,,630345.19
2024,07008AA000,Binissalem,5864772.70,2652483.31,1099041.38,-309426.59,7108788.04,1176411.75,,5932376.29
2024,07025AA000,Fornalutx,2260703.34,408093.55,180318.19,-214397.07,2274081.63,89761.50,690247.06,1494073.07
2024,07027AA000,Inca,14727961.07,9949473.35,4121800.81,-151938.95,20403694.66,7422868.79,5314287.14,7666538.73
2024,07007AA000,Banyalbufar,1788620.70,2736664.28,1021215.63,-281985.44,3222083.91,975996.74,341498.78,1904588.39
2024,07022AA000,Felanitx,7213580.28,3856057.43,997445.34,,10072192.37,1158606.53,2705215.55,6208370.29
2024,07022AV001,Ctro. Cultural,61659.63,5000.00,2796.52,,63863.11,,,63863.11
2024,07024AA000,Formentera,15248001.69,13911947.34,4600855.16,324150.88,24883244.75,3906137.96,4819803.53,16157303.26
2024,07053AA000,Santa Eugènia,1609628.88,953485.48,774183.20,275975.35,2064906.51,468580.39,728075.39,868250.73
2024,07065AA000,Vilafranca de Bonany,954019.13,1392314.48,574266.43,-340385.38,1431681.80,364599.00,575007.94,492074.86
2024,07015AV002,Hospital Municipal,537042.64,923216.56,113007.77,16650.84,1363902.27,10940.03,,1352962.24
2024,07015AV003,P. Esc. Infantiles,1149768.48,875552.47,730039.94,-421981.65,873299.36,12608.36,,860691.00
2024,07042AA000,Pollença,24303581.63,28376932.15,2332740.58,-811261.79,49536511.41,3550136.08,2461549.06,43524826.27
2024,07051AA000,Sant Llorenç des Cardassar,15464347.21,16241536.68,6816840.96,-11677614.29,13211428.64,1340316.41,4398345.39,7472766.84
2024,07052AA000,Sant Lluís,8207170.34,4937470.94,2212264.42,-144300.06,10788076.80,1920123.09,1008213.19,7859740.52
2024,07056AA000,Santa María del Camí,1397261.88,4546255.22,1324249.48,-288238.97,4331028.65,2164383.61,2043575.15,123069.89
2024,07056AV001,P. Res. Pers. Majors. Cas Metge Rei,41202.66,118613.07,68856.23,169505.18,260464.68,37743.88,,222720.80
2024,07057AA000,Santanyí,20918618.76,5921086.48,1087240.50,,25752464.74,2961086.80,1816349.77,20975028.17
2024,07001DD000,Consejo Insular de Ibiza,89996129.13,11741299.00,24934039.69,-838518.72,75964869.72,15435.12,8130740.40,67818694.20
2024,07001DV003,P. Esc. Turismo,509738.98,27294.66,42836.39,-481.05,493716.20,12985.38,,480730.82
2024,07002DD000,Consejo Insular de Mallorca,369966674.51,46789295.76,149657764.59,-620399.54,266477806.14,9382513.10,154142466.51,102952826.53
2024,07002DV001,Inst. l'Esport Hipic,701461.71,2042203.39,541379.94,3571.10,2205856.26,152103.56,1959758.26,93994.44
2024,07002DV003,Inst.  Mallorquí d'Afers Socials,13093346.47,64452999.48,40282611.66,-186807.31,37076926.98,533058.79,24550227.84,11993640.35
2024,07003DD000,Consejo Insular de Menorca,100298255.08,16748616.03,21536543.28,7063.55,95517391.38,1413516.22,28727390.77,65376484.39
2024,07002MM000,Mc. Pla de Mallorca,8128110.44,1225637.89,1103281.07,1510623.85,9761091.11,45325.99,1355914.69,8359850.43
2024,07003MM000,Mc. Migjorn de Mallorca,5063990.95,745642.23,151083.96,,5658549.22,31458.11,27100.63,5599990.48
2024,07004AA000,Algaida,4624423.43,1778700.11,572127.19,-892581.21,4938415.14,209300.07,1054524.87,3674590.20
2024,07006AA000,Artà,10972841.16,4121483.29,1457366.54,-151821.98,13485135.93,1403248.89,,12081887.04
2024,07014AA000,Capdepera,16072080.21,16005237.86,3438041.19,-1948521.49,26690755.39,7947058.64,5831246.41,12912450.34
2024,07016AA000,Consell,4333939.04,1105780.50,370162.04,-2502097.43,2567460.07,265204.31,218616.82,2083638.94
2024,07026AA000,Eivissa,75022811.77,31587881.36,5979027.12,23521.04,100655187.05,9926160.70,41177099.95,49551926.40
2024,07026AV001,P. M. Deportes,72027.27,318722.82,106625.02,,284125.07,,4396.33,279728.74
2024,07035AA000,Maria de la Salut,2352372.29,2885106.73,156623.41,43826.86,5124682.47,365896.34,3339154.01,1419632.12
2024,07040AA000,Palma,161148036.29,135898036.07,76814783.79,-681518.81,219549769.76,46819212.80,102727995.16,70002561.80
2024,07059AA000,Salines (Ses),3705816.03,5503697.06,1554239.50,-573805.59,7081468.00,1482502.23,2920296.80,2678668.97
2024,07033AV002,P. l'Escola M. de Mallorqui,491866.55,4831.97,18270.40,,478428.12,4772.57,,473655.55
2024,07047AA000,Sencelles,669220.35,2921277.77,175683.52,-141426.97,3273387.63,1133751.09,1876126.93,263509.61
2024,07038AA000,Montuïri,2584565.68,1178760.89,230824.90,-774290.67,2758211.00,574514.44,458980.93,1724715.63
2024,07001AA000,Alaró,3589998.80,1552993.82,601403.43,-2424632.39,2116956.80,425914.44,335623.08,1355419.28
2024,07015AA000,Ciutadella de Menorca,30895164.97,15104164.82,4278205.04,-994096.35,40727028.40,7454485.60,4434258.51,28838284.29
2024,07023AA000,Ferreries,5769021.53,3230388.76,1511895.70,-219029.39,7268485.20,1780576.40,507532.19,4980376.61
2024,07043AA000,Porreres,4086413.88,1844701.66,433281.31,-463148.82,5034685.41,386816.94,559396.36,4088472.11
2024,07054AA000,Santa Eulària des Riu,57512996.02,36517106.56,19307533.82,-5542378.90,69180189.86,3123375.63,32235052.16,33821762.07
2024,07902AA000,Migjorn Gran (Es),4515242.17,4486908.80,764758.35,-39263.34,8198129.28,1118795.53,2724505.87,4354827.88
2024,07002DO001,Agència  Protecció Legalitat Urbanística i Territorial de Mallorca,1160920.30,30142236.02,312026.65,-281303.62,30709826.05,28056222.16,,2653603.89
2024,07003DV001,Inst. Menorquín de Estudios,595719.89,112947.23,116340.37,30.25,592357.00,5250.58,,587106.42
2024,07010AE001,Palmanyola,1016869.66,34746.54,49889.81,900.80,1002627.19,16483.10,475765.00,510379.09
2024,07030AA000,Llubí,3130693.24,1501627.32,664107.31,-488169.59,3480043.66,704882.79,2235967.47,539193.40
2024,07050AA000,Sant Joan de Labritja,23620890.15,8200503.55,3851532.69,-113083.93,27856777.08,3919383.34,4380569.88,19556823.86
2024,07033AO002,Institució Pública Antoni M. Alcover,385911.82,37919.04,1671.38,,422159.48,35107.65,,387051.83
2024,07003DV002,Consell Economic i Social,2.36,,,,2.36,,,2.36
