any,font,idente,codente,nom,poblacio,estado
2024,liquidacions,4351.,07004AA000,Algaida,6311.,C
2024,liquidacions,4358.,07006AA000,Artà,8387.,C
2024,liquidacions,4369.,07009AA000,Búger,1199.,C
2024,liquidacions,4372.,07010AA000,Bunyola,7490.,C
2024,liquidacions,4382.,07012AA000,Campanet,2824.,C
2024,liquidacions,4386.,07013AA000,Campos,12163.,C
2024,liquidacions,4391.,07014AA000,Capdepera,12860.,C
2024,liquidacions,25146.,07014AO001,F. Castell de Capdepera,12860.,C
2024,liquidacions,4401.,07016AA000,Consell,4399.,C
2024,liquidacions,4407.,07019AA000,Escorca,203.,C
2024,liquidacions,4409.,07020AA000,Esporles,5252.,C
2024,liquidacions,4429.,07026AA000,Eivissa,53717.,C
2024,liquidacions,4431.,07026AV001,P. M. Deportes,53717.,C
2024,liquidacions,4433.,07026AV003,Museo de Arte Contemporáneo,53717.,C
2024,liquidacions,4432.,07026AV002,P. M. Música,53717.,C
2024,liquidacions,4443.,07028AA000,Lloret de Vistalegre,1619.,C
2024,liquidacions,4445.,07029AA000,Lloseta,6456.,C
2024,liquidacions,4447.,07030AA000,Llubí,2505.,C
2024,liquidacions,4449.,07031AA000,Llucmajor,39912.,C
2024,liquidacions,4451.,07031AV001,P. Res. Personas Mayores,39912.,C
2024,liquidacions,4452.,07031AV002,P. Molí d'En Gaspar,39912.,C
2024,liquidacions,4454.,07032AA000,Maó,30419.,C
2024,liquidacions,4464.,07034AA000,Mancor de la Vall,1702.,C
2024,liquidacions,4466.,07035AA000,Maria de la Salut,2397.,C
2024,liquidacions,4468.,07036AA000,Marratxí,40079.,C
2024,liquidacions,21728.,07036AO001,Institut Municipal Comunicació,40079.,C
2024,liquidacions,4471.,07037AA000,Mercadal (Es),6215.,C
2024,liquidacions,4501.,07041AA000,Petra,3184.,C
2024,liquidacions,25148.,07041AO001,F. Escuela Municipal de Música de Petra,3184.,C
2024,liquidacions,25631.,07041AO002,Fundación Teatro y Acción Socio-Cultural de Petra,3184.,C
2024,liquidacions,4517.,07046AA000,Sant Antoni de Portmany,28609.,C
2024,liquidacions,4524.,07048AA000,Sant Josep de sa Talaia,29664.,C
2024,liquidacions,4528.,07050AA000,Sant Joan de Labritja,6948.,C
2024,liquidacions,4539.,07055AA000,Santa Margalida,13757.,C
2024,liquidacions,4554.,07061AA000,Sóller,13744.,C
2024,liquidacions,4564.,07063AA000,Valldemossa,2016.,C
2024,liquidacions,4566.,07064AA000,Castell (Es),7772.,C
2024,liquidacions,4354.,07005AA000,Andratx,12062.,C
2024,liquidacions,4479.,07040AA000,Palma,431521.,C
2024,liquidacions,4488.,07040AV001,Inst. M. l'Esport,431521.,C
2024,liquidacions,4489.,07040AV002,P. M. d'Escoles d'Infants,431521.,C
2024,liquidacions,4490.,07040AV004,P. M. l'Habitatge,431521.,C
2024,liquidacions,4492.,07040AV006,Instituto Municipal Innovación  (IMI),431521.,C
2024,liquidacions,4495.,07040AV009,Inst. M. Form. Ocupacional i Feina,431521.,C
2024,liquidacions,4561.,07062AA000,Son Servera,12261.,C
2024,liquidacions,4339.,07003AA000,Alcúdia,21683.,C
2024,liquidacions,4476.,07039AA000,Muro,8115.,C
2024,liquidacions,4549.,07059AA000,Salines (Ses),5129.,C
2024,liquidacions,60.,07011AO001,"Inst. M. de Educación y Bibliotecas, IMEB -Calvià",53491.,C
2024,liquidacions,4376.,07011AA000,Calvià,53491.,C
2024,liquidacions,4457.,07033AA000,Manacor,47777.,C
2024,liquidacions,4459.,07033AO001,Institut Públic del Teatre Municipal,47777.,C
2024,liquidacions,4460.,07033AV002,P. l'Escola M. de Mallorqui,47777.,C
2024,liquidacions,4461.,07033AV003,P. M. d'Esports,47777.,C
2024,liquidacions,4462.,07033AO002,Institució Pública Antoni M. Alcover,47777.,C
2024,liquidacions,4512.,07044AA000,Pobla (Sa),14630.,C
2024,liquidacions,4522.,07047AA000,Sencelles,3900.,C
2024,liquidacions,4612.,07901AA000,Ariany,1018.,C
2024,liquidacions,25340.,07011AO002,Oficina Municipal de Tributos de Calvià,53491.,C
2024,liquidacions,4365.,07008AA000,Binissalem,9281.,C
2024,liquidacions,4427.,07025AA000,Fornalutx,715.,C
2024,liquidacions,4435.,07027AA000,Inca,35654.,C
2024,liquidacions,4361.,07007AA000,Banyalbufar,577.,C
2024,liquidacions,4415.,07022AA000,Felanitx,18850.,C
2024,liquidacions,4416.,07022AV001,Ctro. Cultural,18850.,C
2024,liquidacions,4420.,07024AA000,Formentera,11389.,C
2024,liquidacions,4473.,07038AA000,Montuïri,3216.,C
2024,liquidacions,4534.,07053AA000,Santa Eugènia,1899.,C
2024,liquidacions,4568.,07065AA000,Vilafranca de Bonany,3816.,C
2024,liquidacions,4319.,07001AA000,Alaró,6037.,C
2024,liquidacions,4394.,07015AA000,Ciutadella de Menorca,31941.,C
2024,liquidacions,4397.,07015AV002,Hospital Municipal,31941.,C
2024,liquidacions,4398.,07015AV003,P. Esc. Infantiles,31941.,C
2024,liquidacions,4418.,07023AA000,Ferreries,5114.,C
2024,liquidacions,4504.,07042AA000,Pollença,17594.,C
2024,liquidacions,4510.,07043AA000,Porreres,5888.,C
2024,liquidacions,4530.,07051AA000,Sant Llorenç des Cardassar,9331.,C
2024,liquidacions,4532.,07052AA000,Sant Lluís,7130.,C
2024,liquidacions,4536.,07054AA000,Santa Eulària des Riu,41706.,C
2024,liquidacions,4541.,07056AA000,Santa María del Camí,7623.,C
2024,liquidacions,4542.,07056AV001,P. Res. Pers. Majors. Cas Metge Rei,7623.,C
2024,liquidacions,4544.,07057AA000,Santanyí,12887.,C
2024,liquidacions,4613.,07902AA000,Migjorn Gran (Es),1690.,C
2024,liquidacions,4321.,07001DD000,Consejo Insular de Ibiza,0.,C
2024,liquidacions,4325.,07001DV003,P. Esc. Turismo,0.,C
2024,liquidacions,4332.,07002DD000,Consejo Insular de Mallorca,0.,C
2024,liquidacions,4334.,07002DV001,Inst. l'Esport Hipic,0.,C
2024,liquidacions,23347.,07002DO001,Agència  Protecció Legalitat Urbanística i Territorial de Mallorca,0.,C
2024,liquidacions,4336.,07002DV003,Inst.  Mallorquí d'Afers Socials,0.,C
2024,liquidacions,4345.,07003DD000,Consejo Insular de Menorca,0.,C
2024,liquidacions,4347.,07003DV001,Inst. Menorquín de Estudios,0.,C
2024,liquidacions,4348.,07003DV002,Consell Economic i Social,0.,C
2024,liquidacions,4373.,07010AE001,Palmanyola,0.,C
2024,liquidacions,4338.,07002MM000,Mc. Pla de Mallorca,0.,C
2024,liquidacions,4350.,07003MM000,Mc. Migjorn de Mallorca,0.,C
2016,liquidacions,4351.,07004AA000,Algaida,5394.,C
2016,liquidacions,4358.,07006AA000,Artà,7448.,C
2016,liquidacions,4369.,07009AA000,Búger,1050.,C
2016,liquidacions,4372.,07010AA000,Bunyola,6669.,C
2016,liquidacions,4382.,07012AA000,Campanet,2507.,C
2016,liquidacions,4386.,07013AA000,Campos,10164.,C
2016,liquidacions,4391.,07014AA000,Capdepera,11356.,C
2016,liquidacions,4401.,07016AA000,Consell,3869.,C
2016,liquidacions,4407.,07019AA000,Escorca,230.,C
2016,liquidacions,4409.,07020AA000,Esporles,4959.,C
2016,liquidacions,4410.,07020AV001,"P. M. Cultura, Deporte y Tiempo libre",4959.,C
2016,liquidacions,4411.,07020AV002,P. d'Escoles Municipals,4959.,C
2016,liquidacions,4429.,07026AA000,Eivissa,49549.,C
2016,liquidacions,4431.,07026AV001,P. M. Deportes,49549.,C
2016,liquidacions,4433.,07026AV003,Museo de Arte Contemporáneo,49549.,C
2016,liquidacions,4432.,07026AV002,P. M. Música,49549.,C
2016,liquidacions,4443.,07028AA000,Lloret de Vistalegre,1257.,C
2016,liquidacions,4445.,07029AA000,Lloseta,5710.,C
2016,liquidacions,4447.,07030AA000,Llubí,2157.,C
2016,liquidacions,4449.,07031AA000,Llucmajor,35057.,C
2016,liquidacions,4451.,07031AV001,P. Res. Personas Mayores,35057.,C
2016,liquidacions,4452.,07031AV002,P. Molí d'En Gaspar,35057.,C
2016,liquidacions,4454.,07032AA000,Maó,28099.,C
2016,liquidacions,4466.,07035AA000,Maria de la Salut,2073.,C
2016,liquidacions,4468.,07036AA000,Marratxí,36001.,C
2016,liquidacions,21728.,07036AO001,Institut Municipal Comunicació,36001.,C
2016,liquidacions,4471.,07037AA000,Mercadal (Es),5098.,C
2016,liquidacions,4517.,07046AA000,Sant Antoni de Portmany,24478.,C
2016,liquidacions,4524.,07048AA000,Sant Josep de sa Talaia,25849.,C
2016,liquidacions,4528.,07050AA000,Sant Joan de Labritja,6070.,C
2016,liquidacions,4539.,07055AA000,Santa Margalida,11632.,C
2016,liquidacions,4547.,07058AA000,Selva,3864.,C
2016,liquidacions,4554.,07061AA000,Sóller,13791.,C
2016,liquidacions,4564.,07063AA000,Valldemossa,2003.,C
2016,liquidacions,4566.,07064AA000,Castell (Es),7455.,C
2016,liquidacions,4354.,07005AA000,Andratx,10873.,C
2016,liquidacions,4479.,07040AA000,Palma,402949.,C
2016,liquidacions,4488.,07040AV001,Inst. M. l'Esport,402949.,C
2016,liquidacions,4489.,07040AV002,P. M. d'Escoles d'Infants,402949.,C
2016,liquidacions,4490.,07040AV004,P. M. l'Habitatge,402949.,C
2016,liquidacions,4492.,07040AV006,Instituto Municipal Innovación  (IMI),402949.,C
2016,liquidacions,4493.,07040AV007,P. Mpal. de Reallotjament i Reinserció Social,402949.,C
2016,liquidacions,4495.,07040AV009,Inst. M. Form. Ocupacional i Feina,402949.,C
2016,liquidacions,4499.,07040AV013,Inst. Coordinaciò d'Obres Viaries,402949.,C
2016,liquidacions,4561.,07062AA000,Son Servera,11119.,C
2016,liquidacions,4339.,07003AA000,Alcúdia,19296.,C
2016,liquidacions,4341.,07003AV001,P. M. D'Esports,19296.,C
2016,liquidacions,4342.,07003AV002,F. Esc. M. Música,19296.,C
2016,liquidacions,4343.,07003AV003,Emisora Alcúdia Radio,19296.,C
2016,liquidacions,4476.,07039AA000,Muro,6729.,C
2016,liquidacions,4526.,07049AA000,Sant Joan,2042.,C
2016,liquidacions,4549.,07059AA000,Salines (Ses),4895.,C
2016,liquidacions,60.,07011AO001,"Inst. M. de Educación y Bibliotecas, IMEB -Calvià",49580.,C
2016,liquidacions,4330.,07002AA000,Alaior,8959.,C
2016,liquidacions,4376.,07011AA000,Calvià,49580.,C
2016,liquidacions,4457.,07033AA000,Manacor,40279.,C
2016,liquidacions,4459.,07033AO001,Institut Públic del Teatre Municipal,40279.,C
2016,liquidacions,4460.,07033AV002,P. l'Escola M. de Mallorqui,40279.,C
2016,liquidacions,4461.,07033AV003,P. M. d'Esports,40279.,C
2016,liquidacions,4462.,07033AO002,Institució Pública Antoni M. Alcover,40279.,C
2016,liquidacions,4512.,07044AA000,Pobla (Sa),12714.,C
2016,liquidacions,4522.,07047AA000,Sencelles,3096.,C
2016,liquidacions,4612.,07901AA000,Ariany,859.,C
2016,liquidacions,4365.,07008AA000,Binissalem,7966.,C
2016,liquidacions,4366.,07008AV001,P. M. d'Esports,7966.,C
2016,liquidacions,4403.,07017AA000,Costitx,1246.,C
2016,liquidacions,4405.,07018AA000,Deyá,642.,C
2016,liquidacions,4435.,07027AA000,Inca,30944.,C
2016,liquidacions,4436.,07027AV001,Llar d'infants d'Inca,30944.,C
2016,liquidacions,4437.,07027AV002,Res. Ancianos M. Mir,30944.,C
2016,liquidacions,4438.,07027AV003,Inst. M. d'Activitat Física Inca,30944.,C
2016,liquidacions,4440.,07027AV005,Música Antoni Torrandell,30944.,C
2016,liquidacions,4361.,07007AA000,Banyalbufar,522.,C
2016,liquidacions,4415.,07022AA000,Felanitx,17319.,C
2016,liquidacions,4416.,07022AV001,Ctro. Cultural,17319.,C
2016,liquidacions,4420.,07024AA000,Formentera,12124.,C
2016,liquidacions,4421.,07024AV001,P. M. Turismo,12124.,C
2016,liquidacions,4473.,07038AA000,Montuïri,2884.,C
2016,liquidacions,4534.,07053AA000,Santa Eugènia,1636.,C
2016,liquidacions,4568.,07065AA000,Vilafranc de Bonany,2941.,C
2016,liquidacions,4319.,07001AA000,Alaró,5282.,C
2016,liquidacions,4394.,07015AA000,Ciutadella de Menorca,28641.,C
2016,liquidacions,4397.,07015AV002,Hospital Municipal,28641.,C
2016,liquidacions,4398.,07015AV003,P. Esc. Infantiles,28641.,C
2016,liquidacions,4418.,07023AA000,Ferreries,4617.,C
2016,liquidacions,4504.,07042AA000,Pollença,16222.,C
2016,liquidacions,4506.,07042AO002,Institut Municipal Radio Pollença,16222.,C
2016,liquidacions,4507.,07042AO003,Residencia Social,16222.,C
2016,liquidacions,4510.,07043AA000,Porreres,5197.,C
2016,liquidacions,4530.,07051AA000,Sant Llorenç des Cardassar,8138.,C
2016,liquidacions,4532.,07052AA000,Sant Lluís,7313.,C
2016,liquidacions,4536.,07054AA000,Santa Eulalia del Río,36119.,C
2016,liquidacions,4541.,07056AA000,Santa María del Camí,6832.,C
2016,liquidacions,4542.,07056AV001,P. Res. Pers. Majors. Cas Metge Rei,6832.,C
2016,liquidacions,4544.,07057AA000,Santanyí,11220.,C
2016,liquidacions,4321.,07001DD000,Consejo Insular de Ibiza,0.,C
2016,liquidacions,4325.,07001DV003,P. Esc. Turismo,0.,C
2016,liquidacions,4332.,07002DD000,Consejo Insular de Mallorca,0.,C
2016,liquidacions,4334.,07002DV001,Inst. l'Esport Hipic,0.,C
2016,liquidacions,23347.,07002DO001,Agència  Protecció Legalitat Urbanística i Territorial de Mallorca,0.,C
2016,liquidacions,4336.,07002DV003,Inst.  Mallorquí d'Afers Socials,0.,C
2016,liquidacions,4345.,07003DD000,Consejo Insular de Menorca,0.,C
2016,liquidacions,4347.,07003DV001,Inst. Menorquín de Estudios,0.,C
2016,liquidacions,4348.,07003DV002,Consell Economic i Social,0.,C
2016,liquidacions,4373.,07010AE001,Palmanyola,0.,C
2016,liquidacions,4338.,07002MM000,Mc. Pla de Mallorca,0.,C
2016,liquidacions,4328.,07001MM000,Mc. Es Raiguer,0.,C
2016,liquidacions,4350.,07003MM000,Mc. Migjorn de Mallorca,0.,C
2017,liquidacions,4351.,07004AA000,Algaida,5430.,C
2017,liquidacions,4358.,07006AA000,Artà,7541.,C
2017,liquidacions,4365.,07008AA000,Binissalem,8143.,C
2017,liquidacions,4366.,07008AV001,P. M. d'Esports,8143.,C
2017,liquidacions,4369.,07009AA000,Búger,1046.,C
2017,liquidacions,4372.,07010AA000,Bunyola,6636.,C
2017,liquidacions,4382.,07012AA000,Campanet,2512.,C
2017,liquidacions,4386.,07013AA000,Campos,10418.,C
2017,liquidacions,4391.,07014AA000,Capdepera,11267.,C
2017,liquidacions,4401.,07016AA000,Consell,3962.,C
2017,liquidacions,4405.,07018AA000,Deyá,637.,C
2017,liquidacions,4429.,07026AA000,Eivissa,49689.,C
2017,liquidacions,4431.,07026AV001,P. M. Deportes,49689.,C
2017,liquidacions,4432.,07026AV002,P. M. Música,49689.,C
2017,liquidacions,4433.,07026AV003,Museo de Arte Contemporáneo,49689.,C
2017,liquidacions,4435.,07027AA000,Inca,31255.,C
2017,liquidacions,4436.,07027AV001,Llar d'infants d'Inca,31255.,C
2017,liquidacions,4437.,07027AV002,Res. Ancianos M. Mir,31255.,C
2017,liquidacions,4438.,07027AV003,Inst. M. d'Activitat Física Inca,31255.,C
2017,liquidacions,4440.,07027AV005,Música Antoni Torrandell,31255.,C
2017,liquidacions,4443.,07028AA000,Lloret de Vistalegre,1277.,C
2017,liquidacions,4445.,07029AA000,Lloseta,5799.,C
2017,liquidacions,4449.,07031AA000,Llucmajor,35513.,C
2017,liquidacions,4451.,07031AV001,P. Res. Personas Mayores,35513.,C
2017,liquidacions,4452.,07031AV002,P. Molí d'En Gaspar,35513.,C
2017,liquidacions,4454.,07032AA000,Maó,28161.,C
2017,liquidacions,4466.,07035AA000,Maria de la Salut,2159.,C
2017,liquidacions,4468.,07036AA000,Marratxí,36383.,C
2017,liquidacions,4471.,07037AA000,Mercadal (Es),4788.,C
2017,liquidacions,4524.,07048AA000,Sant Josep de sa Talaia,26133.,C
2017,liquidacions,4528.,07050AA000,Sant Joan de Labritja,6139.,C
2017,liquidacions,4539.,07055AA000,Santa Margalida,11801.,C
2017,liquidacions,4547.,07058AA000,Selva,3869.,C
2017,liquidacions,4554.,07061AA000,Sóller,13936.,C
2017,liquidacions,4564.,07063AA000,Valldemossa,1950.,C
2017,liquidacions,4566.,07064AA000,Castell (Es),7343.,C
2017,liquidacions,21728.,07036AO001,Institut Municipal Comunicació,36383.,C
2017,liquidacions,25146.,07014AO001,F. Castell de Capdepera,11267.,C
2017,liquidacions,4354.,07005AA000,Andratx,10930.,C
2017,liquidacions,4479.,07040AA000,Palma,406492.,C
2017,liquidacions,4488.,07040AV001,Inst. M. l'Esport,406492.,C
2017,liquidacions,4489.,07040AV002,P. M. d'Escoles d'Infants,406492.,C
2017,liquidacions,4490.,07040AV004,P. M. l'Habitatge,406492.,C
2017,liquidacions,4492.,07040AV006,Instituto Municipal Innovación  (IMI),406492.,C
2017,liquidacions,4493.,07040AV007,P. Mpal. de Reallotjament i Reinserció Social,406492.,C
2017,liquidacions,4495.,07040AV009,Inst. M. Form. Ocupacional i Feina,406492.,C
2017,liquidacions,4499.,07040AV013,Inst. Coordinaciò d'Obres Viaries,406492.,C
2017,liquidacions,4561.,07062AA000,Son Servera,11265.,C
2017,liquidacions,4339.,07003AA000,Alcúdia,19395.,C
2017,liquidacions,4341.,07003AV001,P. M. D'Esports,19395.,C
2017,liquidacions,4342.,07003AV002,F. Esc. M. Música,19395.,C
2017,liquidacions,4343.,07003AV003,Emisora Alcúdia Radio,19395.,C
2017,liquidacions,4476.,07039AA000,Muro,6829.,C
2017,liquidacions,4549.,07059AA000,Salines (Ses),4860.,C
2017,liquidacions,60.,07011AO001,"Inst. M. de Educación y Bibliotecas, IMEB -Calvià",49063.,C
2017,liquidacions,4330.,07002AA000,Alaior,9097.,C
2017,liquidacions,4376.,07011AA000,Calvià,49063.,C
2017,liquidacions,4457.,07033AA000,Manacor,41095.,C
2017,liquidacions,4459.,07033AO001,Institut Públic del Teatre Municipal,41095.,C
2017,liquidacions,4460.,07033AV002,P. l'Escola M. de Mallorqui,41095.,C
2017,liquidacions,4461.,07033AV003,P. M. d'Esports,41095.,C
2017,liquidacions,4462.,07033AO002,Institució Pública Antoni M. Alcover,41095.,C
2017,liquidacions,4512.,07044AA000,Pobla (Sa),12793.,C
2017,liquidacions,4522.,07047AA000,Sencelles,3154.,C
2017,liquidacions,4612.,07901AA000,Ariany,854.,C
2017,liquidacions,4361.,07007AA000,Banyalbufar,495.,C
2017,liquidacions,4415.,07022AA000,Felanitx,17333.,C
2017,liquidacions,4416.,07022AV001,Ctro. Cultural,17333.,C
2017,liquidacions,4473.,07038AA000,Montuïri,2836.,C
2017,liquidacions,4534.,07053AA000,Santa Eugènia,1653.,C
2017,liquidacions,4568.,07065AA000,Vilafranc de Bonany,3047.,C
2017,liquidacions,4319.,07001AA000,Alaró,5389.,C
2017,liquidacions,4394.,07015AA000,Ciutadella de Menorca,28838.,C
2017,liquidacions,4397.,07015AV002,Hospital Municipal,28838.,C
2017,liquidacions,4398.,07015AV003,P. Esc. Infantiles,28838.,C
2017,liquidacions,4418.,07023AA000,Ferreries,4633.,C
2017,liquidacions,4504.,07042AA000,Pollença,16157.,C
2017,liquidacions,4506.,07042AO002,Institut Municipal Radio Pollença,16157.,C
2017,liquidacions,4507.,07042AO003,Residencia Social,16157.,C
2017,liquidacions,4510.,07043AA000,Porreres,5256.,C
2017,liquidacions,4530.,07051AA000,Sant Llorenç des Cardassar,8328.,C
2017,liquidacions,4532.,07052AA000,Sant Lluís,6954.,C
2017,liquidacions,4536.,07054AA000,Santa Eulalia del Río,36605.,C
2017,liquidacions,4541.,07056AA000,Santa María del Camí,7062.,C
2017,liquidacions,4542.,07056AV001,P. Res. Pers. Majors. Cas Metge Rei,7062.,C
2017,liquidacions,4544.,07057AA000,Santanyí,11348.,C
2017,liquidacions,4613.,07902AA000,Migjorn Gran (Es),1356.,C
2017,liquidacions,4321.,07001DD000,Consejo Insular de Ibiza,0.,C
2017,liquidacions,4325.,07001DV003,P. Esc. Turismo,0.,C
2017,liquidacions,4332.,07002DD000,Consejo Insular de Mallorca,0.,C
2017,liquidacions,4334.,07002DV001,Inst. l'Esport Hipic,0.,C
2017,liquidacions,4336.,07002DV003,Inst.  Mallorquí d'Afers Socials,0.,C
2017,liquidacions,4345.,07003DD000,Consejo Insular de Menorca,0.,C
2017,liquidacions,4347.,07003DV001,Inst. Menorquín de Estudios,0.,C
2017,liquidacions,4348.,07003DV002,Consell Economic i Social,0.,C
2017,liquidacions,23347.,07002DO001,Agència  Protecció Legalitat Urbanística i Territorial de Mallorca,0.,C
2017,liquidacions,4373.,07010AE001,Palmanyola,0.,C
2017,liquidacions,4338.,07002MM000,Mc. Pla de Mallorca,0.,C
2017,liquidacions,4350.,07003MM000,Mc. Migjorn de Mallorca,0.,C
2018,liquidacions,4351.,07004AA000,Algaida,5529.,C
2018,liquidacions,4358.,07006AA000,Artà,7671.,C
2018,liquidacions,4365.,07008AA000,Binissalem,8316.,C
2018,liquidacions,4366.,07008AV001,P. M. d'Esports,8316.,C
2018,liquidacions,4369.,07009AA000,Búger,1054.,C
2018,liquidacions,4372.,07010AA000,Bunyola,6714.,C
2018,liquidacions,4382.,07012AA000,Campanet,2612.,C
2018,liquidacions,4386.,07013AA000,Campos,10610.,C
2018,liquidacions,4401.,07016AA000,Consell,4008.,C
2018,liquidacions,4405.,07018AA000,Deyá,620.,C
2018,liquidacions,4415.,07022AA000,Felanitx,17497.,C
2018,liquidacions,4416.,07022AV001,Ctro. Cultural,17497.,C
2018,liquidacions,4435.,07027AA000,Inca,32137.,C
2018,liquidacions,4436.,07027AV001,Llar d'infants d'Inca,32137.,C
2018,liquidacions,4437.,07027AV002,Res. Ancianos M. Mir,32137.,C
2018,liquidacions,4440.,07027AV005,Música Antoni Torrandell,32137.,C
2018,liquidacions,4443.,07028AA000,Lloret de Vistalegre,1289.,C
2018,liquidacions,4445.,07029AA000,Lloseta,5858.,C
2018,liquidacions,4447.,07030AA000,Llubí,2243.,C
2018,liquidacions,4449.,07031AA000,Llucmajor,36358.,C
2018,liquidacions,4451.,07031AV001,P. Res. Personas Mayores,36358.,C
2018,liquidacions,4452.,07031AV002,P. Molí d'En Gaspar,36358.,C
2018,liquidacions,4466.,07035AA000,Maria de la Salut,2143.,C
2018,liquidacions,4468.,07036AA000,Marratxí,36725.,C
2018,liquidacions,4471.,07037AA000,Mercadal (Es),4788.,C
2018,liquidacions,4517.,07046AA000,Sant Antoni de Portmany,25779.,C
2018,liquidacions,4524.,07048AA000,Sant Josep de sa Talaia,26496.,C
2018,liquidacions,4528.,07050AA000,Sant Joan de Labritja,6200.,C
2018,liquidacions,4539.,07055AA000,Santa Margalida,11958.,C
2018,liquidacions,4547.,07058AA000,Selva,3981.,C
2018,liquidacions,4554.,07061AA000,Sóller,14041.,C
2018,liquidacions,4564.,07063AA000,Valldemossa,1945.,C
2018,liquidacions,4566.,07064AA000,Castell (Es),7348.,C
2018,liquidacions,4568.,07065AA000,Vilafranc de Bonany,3176.,C
2018,liquidacions,21728.,07036AO001,Institut Municipal Comunicació,36725.,C
2018,liquidacions,4354.,07005AA000,Andratx,11004.,C
2018,liquidacions,4479.,07040AA000,Palma,409661.,C
2018,liquidacions,4488.,07040AV001,Inst. M. l'Esport,409661.,C
2018,liquidacions,4489.,07040AV002,P. M. d'Escoles d'Infants,409661.,C
2018,liquidacions,4490.,07040AV004,P. M. l'Habitatge,409661.,C
2018,liquidacions,4492.,07040AV006,Instituto Municipal Innovación  (IMI),409661.,C
2018,liquidacions,4495.,07040AV009,Inst. M. Form. Ocupacional i Feina,409661.,C
2018,liquidacions,4561.,07062AA000,Son Servera,11378.,C
2018,liquidacions,4339.,07003AA000,Alcúdia,19793.,C
2018,liquidacions,4341.,07003AV001,P. M. D'Esports,19793.,C
2018,liquidacions,4342.,07003AV002,F. Esc. M. Música,19793.,C
2018,liquidacions,4343.,07003AV003,Emisora Alcúdia Radio,19793.,C
2018,liquidacions,4476.,07039AA000,Muro,6931.,C
2018,liquidacions,4549.,07059AA000,Salines (Ses),4877.,C
2018,liquidacions,4391.,07014AA000,Capdepera,11600.,C
2018,liquidacions,4429.,07026AA000,Eivissa,49727.,C
2018,liquidacions,4431.,07026AV001,P. M. Deportes,49727.,C
2018,liquidacions,4432.,07026AV002,P. M. Música,49727.,C
2018,liquidacions,4433.,07026AV003,Museo de Arte Contemporáneo,49727.,C
2018,liquidacions,4454.,07032AA000,Maó,28592.,C
2018,liquidacions,25146.,07014AO001,F. Castell de Capdepera,11600.,C
2018,liquidacions,60.,07011AO001,"Inst. M. de Educación y Bibliotecas, IMEB -Calvià",49333.,C
2018,liquidacions,4330.,07002AA000,Alaior,9012.,C
2018,liquidacions,4376.,07011AA000,Calvià,49333.,C
2018,liquidacions,4457.,07033AA000,Manacor,42631.,C
2018,liquidacions,4459.,07033AO001,Institut Públic del Teatre Municipal,42631.,C
2018,liquidacions,4460.,07033AV002,P. l'Escola M. de Mallorqui,42631.,C
2018,liquidacions,4461.,07033AV003,P. M. d'Esports,42631.,C
2018,liquidacions,4462.,07033AO002,Institució Pública Antoni M. Alcover,42631.,C
2018,liquidacions,4512.,07044AA000,Pobla (Sa),13026.,C
2018,liquidacions,4612.,07901AA000,Ariany,860.,C
2018,liquidacions,25340.,07011AO002,Oficina Municipal de Tributos de Calvià,49333.,C
2018,liquidacions,4319.,07001AA000,Alaró,5494.,C
2018,liquidacions,4394.,07015AA000,Ciutadella de Menorca,29223.,C
2018,liquidacions,4397.,07015AV002,Hospital Municipal,29223.,C
2018,liquidacions,4398.,07015AV003,P. Esc. Infantiles,29223.,C
2018,liquidacions,4418.,07023AA000,Ferreries,4695.,C
2018,liquidacions,4504.,07042AA000,Pollença,16189.,C
2018,liquidacions,4506.,07042AO002,Institut Municipal Radio Pollença,16189.,C
2018,liquidacions,4507.,07042AO003,Residencia Social,16189.,C
2018,liquidacions,4510.,07043AA000,Porreres,5339.,C
2018,liquidacions,4530.,07051AA000,Sant Llorenç des Cardassar,8405.,C
2018,liquidacions,4532.,07052AA000,Sant Lluís,6892.,C
2018,liquidacions,4536.,07054AA000,Santa Eulalia del Río,36457.,C
2018,liquidacions,4541.,07056AA000,Santa María del Camí,7167.,C
2018,liquidacions,4542.,07056AV001,P. Res. Pers. Majors. Cas Metge Rei,7167.,C
2018,liquidacions,4544.,07057AA000,Santanyí,12112.,C
2018,liquidacions,4613.,07902AA000,Migjorn Gran (Es),1370.,C
2018,liquidacions,4321.,07001DD000,Consejo Insular de Ibiza,0.,C
2018,liquidacions,4325.,07001DV003,P. Esc. Turismo,0.,C
2018,liquidacions,4332.,07002DD000,Consejo Insular de Mallorca,0.,C
2018,liquidacions,4334.,07002DV001,Inst. l'Esport Hipic,0.,C
2018,liquidacions,4336.,07002DV003,Inst.  Mallorquí d'Afers Socials,0.,C
2018,liquidacions,4345.,07003DD000,Consejo Insular de Menorca,0.,C
2018,liquidacions,4347.,07003DV001,Inst. Menorquín de Estudios,0.,C
2018,liquidacions,4348.,07003DV002,Consell Economic i Social,0.,C
2018,liquidacions,23347.,07002DO001,Agència  Protecció Legalitat Urbanística i Territorial de Mallorca,0.,C
2018,liquidacions,4373.,07010AE001,Palmanyola,0.,C
2018,liquidacions,4338.,07002MM000,Mc. Pla de Mallorca,0.,C
2018,liquidacions,4350.,07003MM000,Mc. Migjorn de Mallorca,0.,C
2019,liquidacions,4351.,07004AA000,Algaida,5642.,C
2019,liquidacions,4358.,07006AA000,Artà,7845.,C
2019,liquidacions,4361.,07007AA000,Banyalbufar,515.,C
2019,liquidacions,4382.,07012AA000,Campanet,2640.,C
2019,liquidacions,4386.,07013AA000,Campos,10862.,C
2019,liquidacions,4391.,07014AA000,Capdepera,11868.,C
2019,liquidacions,25146.,07014AO001,F. Castell de Capdepera,11868.,C
2019,liquidacions,4401.,07016AA000,Consell,4053.,C
2019,liquidacions,4409.,07020AA000,Esporles,5062.,C
2019,liquidacions,4410.,07020AV001,"P. M. Cultura, Deporte y Tiempo libre",5062.,C
2019,liquidacions,4411.,07020AV002,P. d'Escoles Municipals,5062.,C
2019,liquidacions,4415.,07022AA000,Felanitx,17780.,C
2019,liquidacions,4416.,07022AV001,Ctro. Cultural,17780.,C
2019,liquidacions,4429.,07026AA000,Eivissa,49783.,C
2019,liquidacions,4431.,07026AV001,P. M. Deportes,49783.,C
2019,liquidacions,4433.,07026AV003,Museo de Arte Contemporáneo,49783.,C
2019,liquidacions,4432.,07026AV002,P. M. Música,49783.,C
2019,liquidacions,4443.,07028AA000,Lloret de Vistalegre,1372.,C
2019,liquidacions,4449.,07031AA000,Llucmajor,36914.,C
2019,liquidacions,4451.,07031AV001,P. Res. Personas Mayores,36914.,C
2019,liquidacions,4452.,07031AV002,P. Molí d'En Gaspar,36914.,C
2019,liquidacions,4454.,07032AA000,Maó,29040.,C
2019,liquidacions,4468.,07036AA000,Marratxí,37193.,C
2019,liquidacions,21728.,07036AO001,Institut Municipal Comunicació,37193.,C
2019,liquidacions,4471.,07037AA000,Mercadal (Es),5038.,C
2019,liquidacions,4473.,07038AA000,Montuïri,2912.,C
2019,liquidacions,4501.,07041AA000,Petra,2860.,C
2019,liquidacions,25148.,07041AO001,F. Escuela Municipal de Música de Petra,2860.,C
2019,liquidacions,4517.,07046AA000,Sant Antoni de Portmany,26306.,C
2019,liquidacions,4524.,07048AA000,Sant Josep de sa Talaia,27413.,C
2019,liquidacions,4528.,07050AA000,Sant Joan de Labritja,6397.,C
2019,liquidacions,4534.,07053AA000,Santa Eugènia,1561.,C
2019,liquidacions,4539.,07055AA000,Santa Margalida,12485.,C
2019,liquidacions,4554.,07061AA000,Sóller,13705.,C
2019,liquidacions,4564.,07063AA000,Valldemossa,1969.,C
2019,liquidacions,4566.,07064AA000,Castell (Es),7434.,C
2019,liquidacions,4568.,07065AA000,Vilafranc de Bonany,3380.,C
2019,liquidacions,4354.,07005AA000,Andratx,11271.,C
2019,liquidacions,4479.,07040AA000,Palma,416065.,C
2019,liquidacions,4488.,07040AV001,Inst. M. l'Esport,416065.,C
2019,liquidacions,4489.,07040AV002,P. M. d'Escoles d'Infants,416065.,C
2019,liquidacions,4490.,07040AV004,P. M. l'Habitatge,416065.,C
2019,liquidacions,4492.,07040AV006,Instituto Municipal Innovación  (IMI),416065.,C
2019,liquidacions,4495.,07040AV009,Inst. M. Form. Ocupacional i Feina,416065.,C
2019,liquidacions,4561.,07062AA000,Son Servera,11568.,C
2019,liquidacions,4339.,07003AA000,Alcúdia,20241.,C
2019,liquidacions,4341.,07003AV001,P. M. D'Esports,20241.,C
2019,liquidacions,4342.,07003AV002,F. Esc. M. Música,20241.,C
2019,liquidacions,4343.,07003AV003,Emisora Alcúdia Radio,20241.,C
2019,liquidacions,4476.,07039AA000,Muro,7085.,C
2019,liquidacions,4549.,07059AA000,Salines (Ses),4960.,C
2019,liquidacions,60.,07011AO001,"Inst. M. de Educación y Bibliotecas, IMEB -Calvià",50559.,C
2019,liquidacions,4330.,07002AA000,Alaior,9065.,C
2019,liquidacions,4376.,07011AA000,Calvià,50559.,C
2019,liquidacions,4457.,07033AA000,Manacor,43808.,C
2019,liquidacions,4459.,07033AO001,Institut Públic del Teatre Municipal,43808.,C
2019,liquidacions,4460.,07033AV002,P. l'Escola M. de Mallorqui,43808.,C
2019,liquidacions,4461.,07033AV003,P. M. d'Esports,43808.,C
2019,liquidacions,4462.,07033AO002,Institució Pública Antoni M. Alcover,43808.,C
2019,liquidacions,4512.,07044AA000,Pobla (Sa),13475.,C
2019,liquidacions,4612.,07901AA000,Ariany,868.,C
2019,liquidacions,25340.,07011AO002,Oficina Municipal de Tributos de Calvià,50559.,C
2019,liquidacions,4365.,07008AA000,Binissalem,8567.,C
2019,liquidacions,4366.,07008AV001,P. M. d'Esports,8567.,C
2019,liquidacions,4403.,07017AA000,Costitx,1288.,C
2019,liquidacions,4405.,07018AA000,Deyá,617.,C
2019,liquidacions,4427.,07025AA000,Fornalutx,660.,C
2019,liquidacions,4435.,07027AA000,Inca,33319.,C
2019,liquidacions,4436.,07027AV001,Llar d'infants d'Inca,33319.,C
2019,liquidacions,4437.,07027AV002,Res. Ancianos M. Mir,33319.,C
2019,liquidacions,4440.,07027AV005,Música Antoni Torrandell,33319.,C
2019,liquidacions,4372.,07010AA000,Bunyola,6809.,C
2019,liquidacions,4445.,07029AA000,Lloseta,5988.,C
2019,liquidacions,4466.,07035AA000,Maria de la Salut,2227.,C
2019,liquidacions,4319.,07001AA000,Alaró,5572.,C
2019,liquidacions,4394.,07015AA000,Ciutadella de Menorca,29840.,C
2019,liquidacions,4397.,07015AV002,Hospital Municipal,29840.,C
2019,liquidacions,4398.,07015AV003,P. Esc. Infantiles,29840.,C
2019,liquidacions,4418.,07023AA000,Ferreries,4777.,C
2019,liquidacions,4504.,07042AA000,Pollença,16283.,C
2019,liquidacions,4510.,07043AA000,Porreres,5502.,C
2019,liquidacions,4530.,07051AA000,Sant Llorenç des Cardassar,8431.,C
2019,liquidacions,4532.,07052AA000,Sant Lluís,6798.,C
2019,liquidacions,4536.,07054AA000,Santa Eulalia del Río,38015.,C
2019,liquidacions,4541.,07056AA000,Santa María del Camí,7375.,C
2019,liquidacions,4542.,07056AV001,P. Res. Pers. Majors. Cas Metge Rei,7375.,C
2019,liquidacions,4544.,07057AA000,Santanyí,12237.,C
2019,liquidacions,4613.,07902AA000,Migjorn Gran (Es),1405.,C
2019,liquidacions,4321.,07001DD000,Consejo Insular de Ibiza,0.,C
2019,liquidacions,4325.,07001DV003,P. Esc. Turismo,0.,C
2019,liquidacions,4332.,07002DD000,Consejo Insular de Mallorca,0.,C
2019,liquidacions,4334.,07002DV001,Inst. l'Esport Hipic,0.,C
2019,liquidacions,4336.,07002DV003,Inst.  Mallorquí d'Afers Socials,0.,C
2019,liquidacions,4345.,07003DD000,Consejo Insular de Menorca,0.,C
2019,liquidacions,4347.,07003DV001,Inst. Menorquín de Estudios,0.,C
2019,liquidacions,4348.,07003DV002,Consell Economic i Social,0.,C
2019,liquidacions,23347.,07002DO001,Agència  Protecció Legalitat Urbanística i Territorial de Mallorca,0.,C
2019,liquidacions,4373.,07010AE001,Palmanyola,0.,C
2019,liquidacions,4350.,07003MM000,Mc. Migjorn de Mallorca,0.,C
2020,liquidacions,4351.,07004AA000,Algaida,5793.,C
2020,liquidacions,4358.,07006AA000,Artà,7984.,C
2020,liquidacions,4372.,07010AA000,Bunyola,6895.,C
2020,liquidacions,4386.,07013AA000,Campos,11283.,C
2020,liquidacions,4391.,07014AA000,Capdepera,12158.,C
2020,liquidacions,25146.,07014AO001,F. Castell de Capdepera,12158.,C
2020,liquidacions,4401.,07016AA000,Consell,4125.,C
2020,liquidacions,4429.,07026AA000,Eivissa,51128.,C
2020,liquidacions,4431.,07026AV001,P. M. Deportes,51128.,C
2020,liquidacions,4433.,07026AV003,Museo de Arte Contemporáneo,51128.,C
2020,liquidacions,4432.,07026AV002,P. M. Música,51128.,C
2020,liquidacions,4443.,07028AA000,Lloret de Vistalegre,1437.,C
2020,liquidacions,4445.,07029AA000,Lloseta,6122.,C
2020,liquidacions,4447.,07030AA000,Llubí,2298.,C
2020,liquidacions,4449.,07031AA000,Llucmajor,37752.,C
2020,liquidacions,4451.,07031AV001,P. Res. Personas Mayores,37752.,C
2020,liquidacions,4452.,07031AV002,P. Molí d'En Gaspar,37752.,C
2020,liquidacions,4454.,07032AA000,Maó,29592.,C
2020,liquidacions,4464.,07034AA000,Mancor de la Vall,1528.,C
2020,liquidacions,4466.,07035AA000,Maria de la Salut,2245.,C
2020,liquidacions,4468.,07036AA000,Marratxí,37724.,C
2020,liquidacions,21728.,07036AO001,Institut Municipal Comunicació,37724.,C
2020,liquidacions,4471.,07037AA000,Mercadal (Es),5316.,C
2020,liquidacions,4501.,07041AA000,Petra,2942.,C
2020,liquidacions,25148.,07041AO001,F. Escuela Municipal de Música de Petra,2942.,C
2020,liquidacions,4517.,07046AA000,Sant Antoni de Portmany,27033.,C
2020,liquidacions,4524.,07048AA000,Sant Josep de sa Talaia,27732.,C
2020,liquidacions,4528.,07050AA000,Sant Joan de Labritja,6576.,C
2020,liquidacions,4539.,07055AA000,Santa Margalida,12797.,C
2020,liquidacions,4547.,07058AA000,Selva,4080.,C
2020,liquidacions,4554.,07061AA000,Sóller,13634.,C
2020,liquidacions,4564.,07063AA000,Valldemossa,2009.,C
2020,liquidacions,4566.,07064AA000,Castell (Es),7572.,C
2020,liquidacions,4354.,07005AA000,Andratx,11433.,C
2020,liquidacions,4479.,07040AA000,Palma,422587.,C
2020,liquidacions,4488.,07040AV001,Inst. M. l'Esport,422587.,C
2020,liquidacions,4489.,07040AV002,P. M. d'Escoles d'Infants,422587.,C
2020,liquidacions,4490.,07040AV004,P. M. l'Habitatge,422587.,C
2020,liquidacions,4492.,07040AV006,Instituto Municipal Innovación  (IMI),422587.,C
2020,liquidacions,4495.,07040AV009,Inst. M. Form. Ocupacional i Feina,422587.,C
2020,liquidacions,4561.,07062AA000,Son Servera,11817.,C
2020,liquidacions,4339.,07003AA000,Alcúdia,20819.,C
2020,liquidacions,4476.,07039AA000,Muro,7394.,C
2020,liquidacions,4526.,07049AA000,Sant Joan,2145.,C
2020,liquidacions,4549.,07059AA000,Salines (Ses),5096.,C
2020,liquidacions,60.,07011AO001,"Inst. M. de Educación y Bibliotecas, IMEB -Calvià",51710.,C
2020,liquidacions,4330.,07002AA000,Alaior,9467.,C
2020,liquidacions,4376.,07011AA000,Calvià,51710.,C
2020,liquidacions,4457.,07033AA000,Manacor,44527.,C
2020,liquidacions,4459.,07033AO001,Institut Públic del Teatre Municipal,44527.,C
2020,liquidacions,4460.,07033AV002,P. l'Escola M. de Mallorqui,44527.,C
2020,liquidacions,4461.,07033AV003,P. M. d'Esports,44527.,C
2020,liquidacions,4462.,07033AO002,Institució Pública Antoni M. Alcover,44527.,C
2020,liquidacions,4512.,07044AA000,Pobla (Sa),13764.,C
2020,liquidacions,4522.,07047AA000,Sencelles,3370.,C
2020,liquidacions,4612.,07901AA000,Ariany,902.,C
2020,liquidacions,25340.,07011AO002,Oficina Municipal de Tributos de Calvià,51710.,C
2020,liquidacions,4365.,07008AA000,Binissalem,8756.,C
2020,liquidacions,4366.,07008AV001,P. M. d'Esports,8756.,C
2020,liquidacions,4403.,07017AA000,Costitx,1329.,C
2020,liquidacions,4405.,07018AA000,Deyá,630.,C
2020,liquidacions,4427.,07025AA000,Fornalutx,679.,C
2020,liquidacions,4435.,07027AA000,Inca,33679.,C
2020,liquidacions,4415.,07022AA000,Felanitx,18202.,C
2020,liquidacions,4416.,07022AV001,Ctro. Cultural,18202.,C
2020,liquidacions,4473.,07038AA000,Montuïri,2987.,C
2020,liquidacions,4534.,07053AA000,Santa Eugènia,1641.,C
2020,liquidacions,4568.,07065AA000,Vilafranc de Bonany,3466.,C
2020,liquidacions,4319.,07001AA000,Alaró,5617.,C
2020,liquidacions,4394.,07015AA000,Ciutadella de Menorca,30588.,C
2020,liquidacions,4397.,07015AV002,Hospital Municipal,30588.,C
2020,liquidacions,4398.,07015AV003,P. Esc. Infantiles,30588.,C
2020,liquidacions,4418.,07023AA000,Ferreries,4908.,C
2020,liquidacions,4504.,07042AA000,Pollença,16658.,C
2020,liquidacions,4510.,07043AA000,Porreres,5576.,C
2020,liquidacions,4530.,07051AA000,Sant Llorenç des Cardassar,8742.,C
2020,liquidacions,4532.,07052AA000,Sant Lluís,6735.,C
2020,liquidacions,4536.,07054AA000,Santa Eulalia del Río,39358.,C
2020,liquidacions,4541.,07056AA000,Santa María del Camí,7486.,C
2020,liquidacions,4542.,07056AV001,P. Res. Pers. Majors. Cas Metge Rei,7486.,C
2020,liquidacions,4544.,07057AA000,Santanyí,12373.,C
2020,liquidacions,4613.,07902AA000,Migjorn Gran (Es),1463.,C
2020,liquidacions,4321.,07001DD000,Consejo Insular de Ibiza,0.,C
2020,liquidacions,4325.,07001DV003,P. Esc. Turismo,0.,C
2020,liquidacions,4332.,07002DD000,Consejo Insular de Mallorca,0.,C
2020,liquidacions,4334.,07002DV001,Inst. l'Esport Hipic,0.,C
2020,liquidacions,23347.,07002DO001,Agència  Protecció Legalitat Urbanística i Territorial de Mallorca,0.,C
2020,liquidacions,4336.,07002DV003,Inst.  Mallorquí d'Afers Socials,0.,C
2020,liquidacions,4345.,07003DD000,Consejo Insular de Menorca,0.,C
2020,liquidacions,4347.,07003DV001,Inst. Menorquín de Estudios,0.,C
2020,liquidacions,4348.,07003DV002,Consell Economic i Social,0.,C
2020,liquidacions,4373.,07010AE001,Palmanyola,0.,C
2020,liquidacions,4338.,07002MM000,Mc. Pla de Mallorca,0.,C
2020,liquidacions,4350.,07003MM000,Mc. Migjorn de Mallorca,0.,C
2021,liquidacions,4351.,07004AA000,Algaida,5963.,C
2021,liquidacions,4354.,07005AA000,Andratx,11571.,C
2021,liquidacions,4358.,07006AA000,Artà,7984.,C
2021,liquidacions,4386.,07013AA000,Campos,11425.,C
2021,liquidacions,4391.,07014AA000,Capdepera,12003.,C
2021,liquidacions,25146.,07014AO001,F. Castell de Capdepera,12003.,C
2021,liquidacions,4401.,07016AA000,Consell,4243.,C
2021,liquidacions,4429.,07026AA000,Eivissa,50643.,C
2021,liquidacions,4431.,07026AV001,P. M. Deportes,50643.,C
2021,liquidacions,4433.,07026AV003,Museo de Arte Contemporáneo,50643.,C
2021,liquidacions,4432.,07026AV002,P. M. Música,50643.,C
2021,liquidacions,4443.,07028AA000,Lloret de Vistalegre,1465.,C
2021,liquidacions,4449.,07031AA000,Llucmajor,38224.,C
2021,liquidacions,4451.,07031AV001,P. Res. Personas Mayores,38224.,C
2021,liquidacions,4452.,07031AV002,P. Molí d'En Gaspar,38224.,C
2021,liquidacions,4454.,07032AA000,Maó,29578.,C
2021,liquidacions,4464.,07034AA000,Mancor de la Vall,1569.,C
2021,liquidacions,4468.,07036AA000,Marratxí,38357.,C
2021,liquidacions,21728.,07036AO001,Institut Municipal Comunicació,38357.,C
2021,liquidacions,4471.,07037AA000,Mercadal (Es),5444.,C
2021,liquidacions,4479.,07040AA000,Palma,419366.,C
2021,liquidacions,4488.,07040AV001,Inst. M. l'Esport,419366.,C
2021,liquidacions,4495.,07040AV009,Inst. M. Form. Ocupacional i Feina,419366.,C
2021,liquidacions,4492.,07040AV006,Instituto Municipal Innovación  (IMI),419366.,C
2021,liquidacions,4490.,07040AV004,P. M. l'Habitatge,419366.,C
2021,liquidacions,4489.,07040AV002,P. M. d'Escoles d'Infants,419366.,C
2021,liquidacions,4501.,07041AA000,Petra,3028.,C
2021,liquidacions,25148.,07041AO001,F. Escuela Municipal de Música de Petra,3028.,C
2021,liquidacions,25631.,07041AO002,Fundación Teatro y Acción Socio-Cultural de Petra,3028.,C
2021,liquidacions,4524.,07048AA000,Sant Josep de sa Talaia,28299.,C
2021,liquidacions,4528.,07050AA000,Sant Joan de Labritja,6635.,C
2021,liquidacions,4539.,07055AA000,Santa Margalida,12767.,C
2021,liquidacions,4554.,07061AA000,Sóller,13491.,C
2021,liquidacions,4561.,07062AA000,Son Servera,11835.,C
2021,liquidacions,4564.,07063AA000,Valldemossa,2042.,C
2021,liquidacions,4566.,07064AA000,Castell (Es),7530.,C
2021,liquidacions,4339.,07003AA000,Alcúdia,20651.,C
2021,liquidacions,4476.,07039AA000,Muro,7515.,C
2021,liquidacions,4526.,07049AA000,Sant Joan,2185.,C
2021,liquidacions,4549.,07059AA000,Salines (Ses),5010.,C
2021,liquidacions,60.,07011AO001,"Inst. M. de Educación y Bibliotecas, IMEB -Calvià",51567.,C
2021,liquidacions,4376.,07011AA000,Calvià,51567.,C
2021,liquidacions,4457.,07033AA000,Manacor,44809.,C
2021,liquidacions,4459.,07033AO001,Institut Públic del Teatre Municipal,44809.,C
2021,liquidacions,4460.,07033AV002,P. l'Escola M. de Mallorqui,44809.,C
2021,liquidacions,4461.,07033AV003,P. M. d'Esports,44809.,C
2021,liquidacions,4462.,07033AO002,Institució Pública Antoni M. Alcover,44809.,C
2021,liquidacions,4512.,07044AA000,Pobla (Sa),13873.,C
2021,liquidacions,4612.,07901AA000,Ariany,897.,C
2021,liquidacions,25340.,07011AO002,Oficina Municipal de Tributos de Calvià,51567.,C
2021,liquidacions,4365.,07008AA000,Binissalem,8895.,C
2021,liquidacions,4427.,07025AA000,Fornalutx,682.,C
2021,liquidacions,4435.,07027AA000,Inca,33726.,C
2021,liquidacions,4415.,07022AA000,Felanitx,18164.,C
2021,liquidacions,4416.,07022AV001,Ctro. Cultural,18164.,C
2021,liquidacions,4420.,07024AA000,Formentera,11708.,C
2021,liquidacions,4473.,07038AA000,Montuïri,3087.,C
2021,liquidacions,4534.,07053AA000,Santa Eugènia,1724.,C
2021,liquidacions,4568.,07065AA000,Vilafranca de Bonany,3558.,C
2021,liquidacions,4372.,07010AA000,Bunyola,7037.,C
2021,liquidacions,4445.,07029AA000,Lloseta,6250.,C
2021,liquidacions,4466.,07035AA000,Maria de la Salut,2242.,C
2021,liquidacions,4319.,07001AA000,Alaró,5741.,C
2021,liquidacions,4394.,07015AA000,Ciutadella de Menorca,30638.,C
2021,liquidacions,4397.,07015AV002,Hospital Municipal,30638.,C
2021,liquidacions,4398.,07015AV003,P. Esc. Infantiles,30638.,C
2021,liquidacions,4418.,07023AA000,Ferreries,4892.,C
2021,liquidacions,4504.,07042AA000,Pollença,16969.,C
2021,liquidacions,4510.,07043AA000,Porreres,5624.,C
2021,liquidacions,4530.,07051AA000,Sant Llorenç des Cardassar,8920.,C
2021,liquidacions,4532.,07052AA000,Sant Lluís,6877.,C
2021,liquidacions,4536.,07054AA000,Santa Eulària des Riu,40038.,C
2021,liquidacions,4541.,07056AA000,Santa María del Camí,7507.,C
2021,liquidacions,4542.,07056AV001,P. Res. Pers. Majors. Cas Metge Rei,7507.,C
2021,liquidacions,4544.,07057AA000,Santanyí,12342.,C
2021,liquidacions,4613.,07902AA000,Migjorn Gran (Es),1500.,C
2021,liquidacions,4321.,07001DD000,Consejo Insular de Ibiza,0.,C
2021,liquidacions,4325.,07001DV003,P. Esc. Turismo,0.,C
2021,liquidacions,4332.,07002DD000,Consejo Insular de Mallorca,0.,C
2021,liquidacions,4334.,07002DV001,Inst. l'Esport Hipic,0.,C
2021,liquidacions,4336.,07002DV003,Inst.  Mallorquí d'Afers Socials,0.,C
2021,liquidacions,4345.,07003DD000,Consejo Insular de Menorca,0.,C
2021,liquidacions,4347.,07003DV001,Inst. Menorquín de Estudios,0.,C
2021,liquidacions,4348.,07003DV002,Consell Economic i Social,0.,C
2021,liquidacions,23347.,07002DO001,Agència  Protecció Legalitat Urbanística i Territorial de Mallorca,0.,C
2021,liquidacions,4373.,07010AE001,Palmanyola,0.,C
2021,liquidacions,4338.,07002MM000,Mc. Pla de Mallorca,0.,C
2021,liquidacions,4350.,07003MM000,Mc. Migjorn de Mallorca,0.,C
2022,liquidacions,4351.,07004AA000,Algaida,6075.,C
2022,liquidacions,4358.,07006AA000,Artà,8062.,C
2022,liquidacions,4361.,07007AA000,Banyalbufar,566.,C
2022,liquidacions,4365.,07008AA000,Binissalem,9027.,C
2022,liquidacions,4372.,07010AA000,Bunyola,7121.,C
2022,liquidacions,4386.,07013AA000,Campos,11618.,C
2022,liquidacions,4391.,07014AA000,Capdepera,12081.,C
2022,liquidacions,4401.,07016AA000,Consell,4230.,C
2022,liquidacions,4403.,07017AA000,Costitx,1446.,C
2022,liquidacions,4407.,07019AA000,Escorca,187.,C
2022,liquidacions,4409.,07020AA000,Esporles,5182.,C
2022,liquidacions,4413.,07021AA000,Estellencs,336.,C
2022,liquidacions,4415.,07022AA000,Felanitx,18357.,C
2022,liquidacions,4416.,07022AV001,Ctro. Cultural,18357.,C
2022,liquidacions,4427.,07025AA000,Fornalutx,710.,C
2022,liquidacions,4429.,07026AA000,Eivissa,50715.,C
2022,liquidacions,4431.,07026AV001,P. M. Deportes,50715.,C
2022,liquidacions,4432.,07026AV002,P. M. Música,50715.,C
2022,liquidacions,4433.,07026AV003,Museo de Arte Contemporáneo,50715.,C
2022,liquidacions,4435.,07027AA000,Inca,34093.,C
2022,liquidacions,4443.,07028AA000,Lloret de Vistalegre,1514.,C
2022,liquidacions,4445.,07029AA000,Lloseta,6312.,C
2022,liquidacions,4454.,07032AA000,Maó,29445.,C
2022,liquidacions,4464.,07034AA000,Mancor de la Vall,1596.,C
2022,liquidacions,4466.,07035AA000,Maria de la Salut,2273.,C
2022,liquidacions,4468.,07036AA000,Marratxí,38902.,C
2022,liquidacions,4471.,07037AA000,Mercadal (Es),5676.,C
2022,liquidacions,4473.,07038AA000,Montuïri,3119.,C
2022,liquidacions,4501.,07041AA000,Petra,3067.,C
2022,liquidacions,4524.,07048AA000,Sant Josep de sa Talaia,28813.,C
2022,liquidacions,4528.,07050AA000,Sant Joan de Labritja,6703.,C
2022,liquidacions,4534.,07053AA000,Santa Eugènia,1771.,C
2022,liquidacions,4539.,07055AA000,Santa Margalida,12776.,C
2022,liquidacions,4554.,07061AA000,Sóller,13454.,C
2022,liquidacions,4564.,07063AA000,Valldemossa,2085.,C
2022,liquidacions,4566.,07064AA000,Castell (Es),7525.,C
2022,liquidacions,4568.,07065AA000,Vilafranca de Bonany,3600.,C
2022,liquidacions,21728.,07036AO001,Institut Municipal Comunicació,38902.,C
2022,liquidacions,25146.,07014AO001,F. Castell de Capdepera,12081.,C
2022,liquidacions,25148.,07041AO001,F. Escuela Municipal de Música de Petra,3067.,C
2022,liquidacions,25631.,07041AO002,Fundación Teatro y Acción Socio-Cultural de Petra,3067.,C
2022,liquidacions,4354.,07005AA000,Andratx,11735.,C
2022,liquidacions,4479.,07040AA000,Palma,415940.,C
2022,liquidacions,4488.,07040AV001,Inst. M. l'Esport,415940.,C
2022,liquidacions,4489.,07040AV002,P. M. d'Escoles d'Infants,415940.,C
2022,liquidacions,4490.,07040AV004,P. M. l'Habitatge,415940.,C
2022,liquidacions,4492.,07040AV006,Instituto Municipal Innovación  (IMI),415940.,C
2022,liquidacions,4495.,07040AV009,Inst. M. Form. Ocupacional i Feina,415940.,C
2022,liquidacions,4561.,07062AA000,Son Servera,11752.,C
2022,liquidacions,4339.,07003AA000,Alcúdia,20717.,C
2022,liquidacions,4476.,07039AA000,Muro,7667.,C
2022,liquidacions,4549.,07059AA000,Salines (Ses),5039.,C
2022,liquidacions,60.,07011AO001,"Inst. M. de Educación y Bibliotecas, IMEB -Calvià",52458.,C
2022,liquidacions,4376.,07011AA000,Calvià,52458.,C
2022,liquidacions,4457.,07033AA000,Manacor,45352.,C
2022,liquidacions,4459.,07033AO001,Institut Públic del Teatre Municipal,45352.,C
2022,liquidacions,4460.,07033AV002,P. l'Escola M. de Mallorqui,45352.,C
2022,liquidacions,4461.,07033AV003,P. M. d'Esports,45352.,C
2022,liquidacions,4462.,07033AO002,Institució Pública Antoni M. Alcover,45352.,C
2022,liquidacions,4512.,07044AA000,Pobla (Sa),14005.,C
2022,liquidacions,4612.,07901AA000,Ariany,912.,C
2022,liquidacions,25340.,07011AO002,Oficina Municipal de Tributos de Calvià,52458.,C
2022,liquidacions,4319.,07001AA000,Alaró,5811.,C
2022,liquidacions,4394.,07015AA000,Ciutadella de Menorca,30811.,C
2022,liquidacions,4397.,07015AV002,Hospital Municipal,30811.,C
2022,liquidacions,4398.,07015AV003,P. Esc. Infantiles,30811.,C
2022,liquidacions,4418.,07023AA000,Ferreries,4944.,C
2022,liquidacions,4504.,07042AA000,Pollença,17126.,C
2022,liquidacions,4510.,07043AA000,Porreres,5645.,C
2022,liquidacions,4530.,07051AA000,Sant Llorenç des Cardassar,9035.,C
2022,liquidacions,4532.,07052AA000,Sant Lluís,6953.,C
2022,liquidacions,4536.,07054AA000,Santa Eulària des Riu,40548.,C
2022,liquidacions,4541.,07056AA000,Santa María del Camí,7483.,C
2022,liquidacions,4542.,07056AV001,P. Res. Pers. Majors. Cas Metge Rei,7483.,C
2022,liquidacions,4544.,07057AA000,Santanyí,12321.,C
2022,liquidacions,4321.,07001DD000,Consejo Insular de Ibiza,0.,C
2022,liquidacions,4325.,07001DV003,P. Esc. Turismo,0.,C
2022,liquidacions,4332.,07002DD000,Consejo Insular de Mallorca,0.,C
2022,liquidacions,4334.,07002DV001,Inst. l'Esport Hipic,0.,C
2022,liquidacions,4336.,07002DV003,Inst.  Mallorquí d'Afers Socials,0.,C
2022,liquidacions,4345.,07003DD000,Consejo Insular de Menorca,0.,C
2022,liquidacions,4347.,07003DV001,Inst. Menorquín de Estudios,0.,C
2022,liquidacions,4348.,07003DV002,Consell Economic i Social,0.,C
2022,liquidacions,23347.,07002DO001,Agència  Protecció Legalitat Urbanística i Territorial de Mallorca,0.,C
2022,liquidacions,4373.,07010AE001,Palmanyola,0.,C
2022,liquidacions,4338.,07002MM000,Mc. Pla de Mallorca,0.,C
2022,liquidacions,4350.,07003MM000,Mc. Migjorn de Mallorca,0.,C
2023,liquidacions,4351.,07004AA000,Algaida,6170.,C
2023,liquidacions,4358.,07006AA000,Artà,8208.,C
2023,liquidacions,4372.,07010AA000,Bunyola,7286.,C
2023,liquidacions,4386.,07013AA000,Campos,11763.,C
2023,liquidacions,4391.,07014AA000,Capdepera,12340.,C
2023,liquidacions,25146.,07014AO001,F. Castell de Capdepera,12340.,C
2023,liquidacions,4401.,07016AA000,Consell,4304.,C
2023,liquidacions,4407.,07019AA000,Escorca,194.,C
2023,liquidacions,4409.,07020AA000,Esporles,5236.,C
2023,liquidacions,4429.,07026AA000,Eivissa,51996.,C
2023,liquidacions,4431.,07026AV001,P. M. Deportes,51996.,C
2023,liquidacions,4433.,07026AV003,Museo de Arte Contemporáneo,51996.,C
2023,liquidacions,4432.,07026AV002,P. M. Música,51996.,C
2023,liquidacions,4443.,07028AA000,Lloret de Vistalegre,1589.,C
2023,liquidacions,4445.,07029AA000,Lloseta,6378.,C
2023,liquidacions,4447.,07030AA000,Llubí,2438.,C
2023,liquidacions,4449.,07031AA000,Llucmajor,39040.,C
2023,liquidacions,4451.,07031AV001,P. Res. Personas Mayores,39040.,C
2023,liquidacions,4452.,07031AV002,P. Molí d'En Gaspar,39040.,C
2023,liquidacions,4454.,07032AA000,Maó,29902.,C
2023,liquidacions,4464.,07034AA000,Mancor de la Vall,1639.,C
2023,liquidacions,4468.,07036AA000,Marratxí,39440.,C
2023,liquidacions,21728.,07036AO001,Institut Municipal Comunicació,39440.,C
2023,liquidacions,4471.,07037AA000,Mercadal (Es),5939.,C
2023,liquidacions,4501.,07041AA000,Petra,3118.,C
2023,liquidacions,25148.,07041AO001,F. Escuela Municipal de Música de Petra,3118.,C
2023,liquidacions,25631.,07041AO002,Fundación Teatro y Acción Socio-Cultural de Petra,3118.,C
2023,liquidacions,4524.,07048AA000,Sant Josep de sa Talaia,29506.,C
2023,liquidacions,4528.,07050AA000,Sant Joan de Labritja,6838.,C
2023,liquidacions,4539.,07055AA000,Santa Margalida,13160.,C
2023,liquidacions,4554.,07061AA000,Sóller,13610.,C
2023,liquidacions,4564.,07063AA000,Valldemossa,2037.,C
2023,liquidacions,4566.,07064AA000,Castell (Es),7670.,C
2023,liquidacions,4354.,07005AA000,Andratx,11833.,C
2023,liquidacions,4479.,07040AA000,Palma,423350.,C
2023,liquidacions,4488.,07040AV001,Inst. M. l'Esport,423350.,C
2023,liquidacions,4489.,07040AV002,P. M. d'Escoles d'Infants,423350.,C
2023,liquidacions,4490.,07040AV004,P. M. l'Habitatge,423350.,C
2023,liquidacions,4492.,07040AV006,Instituto Municipal Innovación  (IMI),423350.,C
2023,liquidacions,4495.,07040AV009,Inst. M. Form. Ocupacional i Feina,423350.,C
2023,liquidacions,4561.,07062AA000,Son Servera,11932.,C
2023,liquidacions,4339.,07003AA000,Alcúdia,21322.,C
2023,liquidacions,4476.,07039AA000,Muro,7825.,C
2023,liquidacions,4549.,07059AA000,Salines (Ses),5044.,C
2023,liquidacions,60.,07011AO001,"Inst. M. de Educación y Bibliotecas, IMEB -Calvià",53162.,C
2023,liquidacions,4330.,07002AA000,Alaior,9748.,C
2023,liquidacions,4376.,07011AA000,Calvià,53162.,C
2023,liquidacions,4457.,07033AA000,Manacor,46395.,C
2023,liquidacions,4459.,07033AO001,Institut Públic del Teatre Municipal,46395.,C
2023,liquidacions,4460.,07033AV002,P. l'Escola M. de Mallorqui,46395.,C
2023,liquidacions,4461.,07033AV003,P. M. d'Esports,46395.,C
2023,liquidacions,4462.,07033AO002,Institució Pública Antoni M. Alcover,46395.,C
2023,liquidacions,4512.,07044AA000,Pobla (Sa),14164.,C
2023,liquidacions,4612.,07901AA000,Ariany,963.,C
2023,liquidacions,25340.,07011AO002,Oficina Municipal de Tributos de Calvià,53162.,C
2023,liquidacions,4365.,07008AA000,Binissalem,9172.,C
2023,liquidacions,4403.,07017AA000,Costitx,1490.,C
2023,liquidacions,4435.,07027AA000,Inca,34577.,C
2023,liquidacions,4361.,07007AA000,Banyalbufar,577.,C
2023,liquidacions,4415.,07022AA000,Felanitx,18592.,C
2023,liquidacions,4416.,07022AV001,Ctro. Cultural,18592.,C
2023,liquidacions,4473.,07038AA000,Montuïri,3144.,C
2023,liquidacions,4534.,07053AA000,Santa Eugènia,1843.,C
2023,liquidacions,4568.,07065AA000,Vilafranca de Bonany,3699.,C
2023,liquidacions,4319.,07001AA000,Alaró,5909.,C
2023,liquidacions,4394.,07015AA000,Ciutadella de Menorca,31443.,C
2023,liquidacions,4397.,07015AV002,Hospital Municipal,31443.,C
2023,liquidacions,4398.,07015AV003,P. Esc. Infantiles,31443.,C
2023,liquidacions,4418.,07023AA000,Ferreries,5051.,C
2023,liquidacions,4504.,07042AA000,Pollença,17279.,C
2023,liquidacions,4510.,07043AA000,Porreres,5741.,C
2023,liquidacions,4530.,07051AA000,Sant Llorenç des Cardassar,9227.,C
2023,liquidacions,4532.,07052AA000,Sant Lluís,7019.,C
2023,liquidacions,4536.,07054AA000,Santa Eulària des Riu,41228.,C
2023,liquidacions,4541.,07056AA000,Santa María del Camí,7552.,C
2023,liquidacions,4542.,07056AV001,P. Res. Pers. Majors. Cas Metge Rei,7552.,C
2023,liquidacions,4544.,07057AA000,Santanyí,12480.,C
2023,liquidacions,4321.,07001DD000,Consejo Insular de Ibiza,0.,C
2023,liquidacions,4325.,07001DV003,P. Esc. Turismo,0.,C
2023,liquidacions,4332.,07002DD000,Consejo Insular de Mallorca,0.,C
2023,liquidacions,4334.,07002DV001,Inst. l'Esport Hipic,0.,C
2023,liquidacions,23347.,07002DO001,Agència  Protecció Legalitat Urbanística i Territorial de Mallorca,0.,C
2023,liquidacions,4336.,07002DV003,Inst.  Mallorquí d'Afers Socials,0.,C
2023,liquidacions,4345.,07003DD000,Consejo Insular de Menorca,0.,C
2023,liquidacions,4347.,07003DV001,Inst. Menorquín de Estudios,0.,C
2023,liquidacions,4348.,07003DV002,Consell Economic i Social,0.,C
2023,liquidacions,4373.,07010AE001,Palmanyola,0.,C
2023,liquidacions,4338.,07002MM000,Mc. Pla de Mallorca,0.,C
2023,liquidacions,4350.,07003MM000,Mc. Migjorn de Mallorca,0.,C
