codi_ine,nom,nif
07001AA000,Alaró,P0700100A
07003AA000,Alcúdia,P0700300G
07004AA000,Algaida,P0700400E
07005AA000,Andratx,P0700500B
07901AA000,Ariany,P0706600D
07006AA000,Artà,P0700600J
07007AA000,Banyalbufar,P0700700H
07008AA000,Binissalem,P0700800F
07010AA000,Bunyola,P0701000B
07009AA000,Búger,P0700900D
07011AA000,Calvià,P0701100J
07012AA000,Campanet,P0701200H
07013AA000,Campos,P0701300F
07014AA000,Capdepera,P0701400D
07016AA000,Consell,P0701600I
07017AA000,Costitx,P0701700G
07018AA000,Deyá,P0701800E
07019AA000,Escorca,P0701900C
07020AA000,Esporles,P0702000A
07021AA000,Estellencs,P0702100I
07022AA000,Felanitx,P0702200G
07025AA000,Fornalutx,P0702500J
07027AA000,Inca,P0702700F
07028AA000,Lloret de Vistalegre,P0702800D
07029AA000,Lloseta,P0702900B
07030AA000,Llubí,P0703000J
07031AA000,Llucmajor,P0703100H
07033AA000,Manacor,P0703300D
07034AA000,Mancor de la Vall,P0703400B
07035AA000,Maria de la Salut,P0703500I
07036AA000,Marratxí,P0703600G
07038AA000,Montuïri,P0703800C
07039AA000,Muro,P0703900A
07040AA000,Palma,P0704000I
07041AA000,Petra,P0704100G
07044AA000,Pobla (Sa),P0704400A
07042AA000,Pollença,P0704200E
07043AA000,Porreres,P0704300C
07059AA000,Salines (Ses),P0705900I
07049AA000,Sant Joan,P0704900J
07051AA000,Sant Llorenç des Cardassar,P0705100F
07053AA000,Santa Eugènia,P0705300B
07055AA000,Santa Margalida,P0705500G
07056AA000,Santa María del Camí,P0705600E
07057AA000,Santanyí,P0705700C
07058AA000,Selva,P0705800A
07047AA000,Sencelles,P0704700D
07062AA000,Son Servera,P0706200C
07061AA000,Sóller,P0706100E
07063AA000,Valldemossa,P0706300A
07065AA000,Vilafranca de Bonany,P0706500F
